scenario,time,mean,min,max
historical,1850-08-01,-0.7952343271748311,-1.22512666384379,-0.5723627879701141
historical,1851-08-01,-0.7166731820739349,-1.0437893072764073,-0.35409820100526623
historical,1852-08-01,-0.6663985756554823,-1.054479042689005,-0.4503091054893744
historical,1853-08-01,-0.6373387797154442,-0.9798826376597081,-0.32220583261523394
historical,1854-08-01,-0.7045900443247434,-0.9038256087079546,-0.26797212505457857
historical,1855-08-01,-0.7549535327297742,-0.9738163153330479,-0.5011967765289054
historical,1856-08-01,-0.6474428533563505,-0.8484214941660557,-0.49050947153408764
historical,1857-08-01,-0.631632246819929,-0.8902153174082432,-0.3009888965577616
historical,1858-08-01,-0.6973524523644041,-0.9537529150644932,-0.46704911376236424
historical,1859-08-01,-0.7128312411793848,-0.8670347235582749,-0.4499711198537373
historical,1860-08-01,-0.7824896434482272,-1.0026830832163487,-0.5253418731020485
historical,1861-08-01,-0.7456973293173146,-0.8813960809352643,-0.4282712004953044
historical,1862-08-01,-0.8340060959900245,-1.2183136145273838,-0.5118198057062315
historical,1863-08-01,-0.7250916715017323,-1.0891231695810948,-0.42971008141927314
historical,1864-08-01,-0.6580323546806434,-0.9906744162241612,-0.28839812571571777
historical,1865-08-01,-0.6921591222085512,-0.8793205420176182,-0.47699819297974955
historical,1866-08-01,-0.6460530112859628,-0.7483581701914463,-0.47927805995198725
historical,1867-08-01,-0.6539355737294892,-0.8944000403086338,-0.5163421075490771
historical,1868-08-01,-0.645764622254064,-1.0352644125620518,-0.29923115436568715
historical,1869-08-01,-0.7482452001887686,-1.0918296972910557,-0.3666430388199817
historical,1870-08-01,-0.7804355052119492,-1.1206965818438288,-0.5350286017166006
historical,1871-08-01,-0.6924781749847079,-0.8794645468393956,-0.5366413251637923
historical,1872-08-01,-0.6447290943106613,-0.7997669261711167,-0.4606019573393141
historical,1873-08-01,-0.6508352617302499,-0.7688268820444737,-0.41964569567102217
historical,1874-08-01,-0.6802345215407117,-0.8596471945444737,-0.4806578725929338
historical,1875-08-01,-0.740557923935074,-1.0065570821451821,-0.48247318686594554
historical,1876-08-01,-0.7027306211487591,-0.9614595839337596,-0.5276593781108403
historical,1877-08-01,-0.651980309785919,-0.8497180467423568,-0.3837731037144412
historical,1878-08-01,-0.6431507081742094,-0.9353317419687901,-0.33590085677538184
historical,1879-08-01,-0.7184462938032387,-1.0144196982806672,-0.39307892455108373
historical,1880-08-01,-0.7130879753146804,-1.1723890339873684,-0.40757487474506604
historical,1881-08-01,-0.7238419003474024,-1.0707293623439398,-0.5395831054855762
historical,1882-08-01,-0.7717027810045443,-1.1777862707773838,-0.5439499729599913
historical,1883-08-01,-0.7103445013581123,-1.2663101355234776,-0.4876473959756211
historical,1884-08-01,-1.0359716349964005,-1.485599385542633,-0.7189687268584635
historical,1885-08-01,-0.9975194147260186,-1.480516710903558,-0.5384402585610886
historical,1886-08-01,-0.9165683483863083,-1.2780146806865922,-0.5723010374189084
historical,1887-08-01,-0.8883741218482424,-1.259348313013712,-0.6646922580404269
historical,1888-08-01,-0.7906607132222957,-1.256195465723673,-0.4882170314141714
historical,1889-08-01,-0.7655165597587951,-1.2656101385752354,-0.42271383375541305
historical,1890-08-01,-0.768158868838973,-1.2626450878145725,-0.42828053695210855
historical,1891-08-01,-0.7464969360600165,-1.1873554388682042,-0.38442971771695333
historical,1892-08-01,-0.6744807491826231,-1.1207696825915754,-0.39914909083852557
historical,1893-08-01,-0.8351313416860047,-1.3120207493389113,-0.4412169990082315
historical,1894-08-01,-0.7634132466525821,-1.3080406385129457,-0.39541836544736775
historical,1895-08-01,-0.6850978967605749,-1.2484744386717974,-0.2485452689053762
historical,1896-08-01,-0.7222267785869807,-1.0951055685679112,-0.3125406193028848
historical,1897-08-01,-0.693058605259818,-1.0277523199717198,-0.34672445744013736
historical,1898-08-01,-0.7024418029841399,-1.0265735785166417,-0.34640187144985646
historical,1899-08-01,-0.6627319401039587,-1.0447877926492524,-0.24422993565201345
historical,1900-08-01,-0.6651698465270116,-1.1309781040363855,-0.1930038676225294
historical,1901-08-01,-0.7133313370643156,-1.0021920558305766,-0.3264673255486823
historical,1902-08-01,-0.7098254282282392,-0.9978183905283604,-0.4636399368020587
historical,1903-08-01,-0.8470108876126903,-1.1708965474260786,-0.5120651843809867
historical,1904-08-01,-0.7942764723456369,-1.1545498887211192,-0.29743522651267185
historical,1905-08-01,-0.7699153259314667,-1.0970501104990635,-0.319786272332788
historical,1906-08-01,-0.7614312892281357,-1.1029743353525792,-0.3902702537098346
historical,1907-08-01,-0.7265530598921488,-1.1132673422495518,-0.37414719145876774
historical,1908-08-01,-0.6955661297713173,-0.9451965453513704,-0.3570758197696815
historical,1909-08-01,-0.6537484459894968,-0.9643736772136009,-0.20428802997911433
historical,1910-08-01,-0.6907176401243679,-0.9760229517553807,-0.18736076242189448
historical,1911-08-01,-0.679587434854179,-0.8885904740208304,-0.18766017450989203
historical,1912-08-01,-0.7518804897494097,-0.9948260116866674,-0.5315302429441804
historical,1913-08-01,-0.7588505550075565,-1.0894016424814854,-0.561188434693447
historical,1914-08-01,-0.7567821722294994,-1.0667852560679112,-0.3468843779836881
historical,1915-08-01,-0.6892961539705483,-1.083646477008557,-0.2840917203993776
historical,1916-08-01,-0.660675034013377,-0.9348921127530261,-0.3080648592540509
historical,1917-08-01,-0.6824884473747151,-0.9104274908701573,-0.36599299659505036
historical,1918-08-01,-0.620897954089792,-0.9364027182261143,-0.2893684923302935
historical,1919-08-01,-0.5802434926594489,-1.0429853598276768,-0.1762750439752061
historical,1920-08-01,-0.582059545235725,-0.8896917502085362,-0.16377736435877566
historical,1921-08-01,-0.6103352043175,-0.7508377234141026,-0.3671890452434905
historical,1922-08-01,-0.6857311546377878,-1.1026443640391026,-0.30731223468815294
historical,1923-08-01,-0.6865233727378295,-1.171814362208048,-0.22175865183388588
historical,1924-08-01,-0.6170239319595682,-1.0656034424226117,-0.2830882716538401
historical,1925-08-01,-0.647522585733539,-0.9752678076426182,-0.36528835483076705
historical,1926-08-01,-0.6222407860226686,-0.8640579382578526,-0.40831806261790504
historical,1927-08-01,-0.5839148823414843,-0.9716095129648838,-0.25301100161062173
historical,1928-08-01,-0.5470402480834198,-0.9011701742808018,-0.15273209657379105
historical,1929-08-01,-0.5496990329485839,-0.8003916211187665,-0.23748621111906232
historical,1930-08-01,-0.6315110002897887,-1.000662558359874,-0.2987549567355057
historical,1931-08-01,-0.6578813179615748,-1.0740573597000562,-0.21536828408076403
historical,1932-08-01,-0.5713658112004085,-1.0217722832783558,-0.141458568066831
historical,1933-08-01,-0.6427731878114271,-1.0632638044920437,-0.191870001487775
historical,1934-08-01,-0.6477099555215575,-1.1007700854601765,-0.30744089218974224
historical,1935-08-01,-0.5947898910836429,-0.9912721980200114,-0.29046326207720874
historical,1936-08-01,-0.5404294917033707,-0.9665971990334565,-0.15244956407753918
historical,1937-08-01,-0.6130126442347549,-0.9570079426484579,-0.29348588132548414
historical,1938-08-01,-0.631754921806623,-1.0354410113233623,-0.32458667930810847
historical,1939-08-01,-0.6182007514622944,-0.9564190510368604,-0.26066916162465503
historical,1940-08-01,-0.6078180195475265,-1.0525128318475616,-0.23723719813377464
historical,1941-08-01,-0.6074056080869895,-0.9896933705721231,-0.35112494016044593
historical,1942-08-01,-0.6148333039411172,-1.0677341605535915,-0.43467714920668143
historical,1943-08-01,-0.635652302157359,-1.0895554182024263,-0.31297748655810764
historical,1944-08-01,-0.612029524819465,-0.9949514266981367,-0.3867647347116865
historical,1945-08-01,-0.6798455797653773,-1.0467816737314912,-0.40287073644407023
historical,1946-08-01,-0.6390928134723224,-1.1099803792321232,-0.2582434326343659
historical,1947-08-01,-0.5658850721487187,-1.2172585547325312,-0.2583509142964431
historical,1948-08-01,-0.5373379620677253,-0.9460517500460135,-0.2473860435147941
historical,1949-08-01,-0.6033341851442634,-1.0251440312294502,-0.321267102489033
historical,1950-08-01,-0.6502451878497101,-0.9867791133125348,-0.3626280133865052
historical,1951-08-01,-0.637959832089186,-0.9757368292698168,-0.4056942424045289
historical,1952-08-01,-0.6001760192778368,-0.9735412032424193,-0.434812067419335
historical,1953-08-01,-0.5482962935746983,-0.6672569574404275,-0.32451853450937307
historical,1954-08-01,-0.5252737931598254,-0.725759372179736,-0.2875289064298219
historical,1955-08-01,-0.5380959058863949,-0.9391057069851936,-0.040120632536826406
historical,1956-08-01,-0.560963220653635,-0.8762550898935189,-0.31945066920722276
historical,1957-08-01,-0.4899452790412927,-0.6229530133634054,-0.23213472275523905
historical,1958-08-01,-0.46349686462702294,-0.6961451434935952,-0.2611662021949943
historical,1959-08-01,-0.49266099195062957,-0.7628356139305659,-0.20076701937532526
historical,1960-08-01,-0.5334559525956991,-0.7900525783991679,-0.33652190393257797
historical,1961-08-01,-0.5454825292145673,-0.7117825348759261,-0.3241555375904994
historical,1962-08-01,-0.5268002073134844,-0.9362510104918123,-0.30108014742533307
historical,1963-08-01,-0.6403998325776136,-0.9781371946456794,-0.4963363806406651
historical,1964-08-01,-0.7611067758201161,-1.0387299522348101,-0.48898974347351043
historical,1965-08-01,-0.7016317964818326,-0.9685255717694741,-0.4387178878613671
historical,1966-08-01,-0.5793058912916287,-0.7676206504093752,-0.359785992128991
historical,1967-08-01,-0.6704471837060597,-1.0026387574086861,-0.415729126551339
historical,1968-08-01,-0.6933709502621175,-1.0811077981129884,-0.4280051099183577
historical,1969-08-01,-0.6970949825496271,-1.0347678242654847,-0.4507175034555768
historical,1970-08-01,-0.6704323119271169,-0.9211594024570324,-0.3077387612049556
historical,1971-08-01,-0.6614981963762576,-0.9971146685171277,-0.23996309770558355
historical,1972-08-01,-0.6066829059911095,-1.0798844065203355,-0.29582913042442804
historical,1973-08-01,-0.5201414202166674,-0.9279590172818839,-0.25690668862880983
historical,1974-08-01,-0.5679373980454171,-0.9505636341384704,-0.3512607447431826
historical,1975-08-01,-0.650954727307972,-0.8168268283018918,-0.5084645639840524
historical,1976-08-01,-0.5412427005719499,-0.7812817465480482,-0.32535394189384803
historical,1977-08-01,-0.49083021737343685,-0.830206268021696,-0.278881291085753
historical,1978-08-01,-0.5048350434673081,-0.7195055845508431,-0.29371574130414047
historical,1979-08-01,-0.49799164831878556,-0.8013769232774806,-0.26682944608050363
historical,1980-08-01,-0.4559283550674298,-0.8464119713103813,-0.11941365965146211
historical,1981-08-01,-0.4307522916303661,-0.7290565429747726,-0.1929813195246819
historical,1982-08-01,-0.4475855496777617,-0.7223810902822727,-0.20434152139885242
historical,1983-08-01,-0.5243001047815492,-0.928639845744506,-0.16834110303199168
historical,1984-08-01,-0.5289565344788374,-0.8435079418928915,-0.2735246365488688
historical,1985-08-01,-0.5029207377151851,-0.7680536335188819,-0.18880975855702076
historical,1986-08-01,-0.38613725201113375,-0.6184133383458299,-0.09881420643424477
historical,1987-08-01,-0.35327004131181916,-0.5897816788706312,-0.16215054642314009
historical,1988-08-01,-0.35074387771587034,-0.6015859432540456,0.03150328000386615
historical,1989-08-01,-0.2219745851752484,-0.4429947725234715,0.17597540219624896
historical,1990-08-01,-0.18536898847699185,-0.3114687981528306,0.039441746409263345
historical,1991-08-01,-0.24363647121913345,-0.5018212121079682,0.03774234444058422
historical,1992-08-01,-0.5539843042900576,-0.7982032288241196,-0.4110012748655034
historical,1993-08-01,-0.5091707974242858,-0.587012141965106,-0.37987271944681744
historical,1994-08-01,-0.40198956184246243,-0.5604592642392099,-0.244902675115366
historical,1995-08-01,-0.3289943288577809,-0.5186758915484173,-0.10574380556742291
historical,1996-08-01,-0.230559372649711,-0.40907568173716946,-0.014044205347696348
historical,1997-08-01,-0.15352786632257828,-0.3044208211414947,-0.022335048366571186
historical,1998-08-01,-0.08801629494515316,-0.18812982241312604,0.0019625261505940017
historical,1999-08-01,-0.06732682363510507,-0.16745478801581015,0.11033208479204681
historical,2000-08-01,0.0068247604601945665,-0.15069637418761417,0.24643812253887631
historical,2001-08-01,0.062260008872238,-0.1317704968322424,0.2664429042380192
historical,2002-08-01,0.02919796072145989,-0.22995469001292257,0.2196936411265007
historical,2003-08-01,0.007085484036326457,-0.12256718547866008,0.1266704073367979
historical,2004-08-01,0.011757395079312869,-0.09695951143900494,0.14420837443892864
historical,2005-08-01,0.0712264797951769,-0.1152039934245348,0.22095059267074113
historical,2006-08-01,0.10304751122309064,-0.07709244599350562,0.22651365392020395
historical,2007-08-01,0.13832401721736634,-0.04714719454447369,0.3177557635413386
historical,2008-08-01,0.24510275438847426,0.03909834225972553,0.4300905121071459
historical,2009-08-01,0.29694837043693817,0.19384533183642993,0.4556575616200771
historical,2010-08-01,0.27062438761930097,0.13838186823344678,0.505269606908163
historical,2011-08-01,0.2735949290597178,0.12897070248921771,0.36587463037766277
historical,2012-08-01,0.34848220817787506,0.22355729071378683,0.45109109135943726
historical,2013-08-01,0.37760188406383044,0.2443069164599585,0.5503906736174144
historical,2014-08-01,0.3351276700349735,0.1616602443636026,0.5184553650369192
ssp126,2015-08-01,-0.1449524022258493,-0.22683970133463482,-0.0536068270484531
ssp126,2016-08-01,-0.0875272320108501,-0.14865100573495482,-0.01249931816265537
ssp126,2017-08-01,0.028765378525651388,-0.07728878740976342,0.10278924306233783
ssp126,2018-08-01,0.04706641248280086,-0.09406312591151078,0.18691476186116596
ssp126,2019-08-01,0.09300517863546227,0.004295135182697862,0.18299244155060101
ssp126,2020-08-01,0.06364266459278538,-0.09324208623841912,0.21060496724126665
ssp126,2021-08-01,0.057632622576096484,-0.27932034943463613,0.3429713019984817
ssp126,2022-08-01,0.11256549107697442,-0.264552001489065,0.3642207681809815
ssp126,2023-08-01,0.1554742729154146,-0.0800156532638372,0.31727621844373566
ssp126,2024-08-01,0.23137032337470056,0.06208520701064657,0.38291023520691425
ssp126,2025-08-01,0.25645692668520936,0.043250741750998856,0.33234437306722064
ssp126,2026-08-01,0.22666188398156173,0.06256898244222064,0.4312111422688041
ssp126,2027-08-01,0.2134868967908728,0.012373288472494082,0.5308390680206401
ssp126,2028-08-01,0.3134433608857868,0.13444871075848042,0.5962972952647956
ssp126,2029-08-01,0.3244196503141628,0.19128926595052143,0.44750524083790033
ssp126,2030-08-01,0.25863841915590413,0.058392548311672954,0.40900834401448627
ssp126,2031-08-01,0.2917919446663638,0.11283568361815988,0.5558757712701023
ssp126,2032-08-01,0.3297068922104212,0.160892668927076,0.5084957014861295
ssp126,2033-08-01,0.41336437870924037,0.10302737986190635,0.6302437133361636
ssp126,2034-08-01,0.42076642205622405,0.09558963044566049,0.8334331147478817
ssp126,2035-08-01,0.4011396615897291,0.24779529231058461,0.6993432365435446
ssp126,2036-08-01,0.48403313182575836,0.23378326070674937,0.8602524662419491
ssp126,2037-08-01,0.6428730090524944,0.26757324939605986,0.8790470028202932
ssp126,2038-08-01,0.5892962044157787,0.314090884615446,0.8769328483715579
ssp126,2039-08-01,0.4952270361522209,0.16925020059192164,0.7847634181925809
ssp126,2040-08-01,0.5127071912200789,0.2208563837826425,0.8972813347564692
ssp126,2041-08-01,0.550092285974108,0.3210843247737518,0.8256018813374304
ssp126,2042-08-01,0.6122768266612609,0.374693962834316,0.9403304885041486
ssp126,2043-08-01,0.6067059333410894,0.34678351324289025,1.0335251710205569
ssp126,2044-08-01,0.6103899080482079,0.19361649882608312,1.0303820166989652
ssp126,2045-08-01,0.6370621794529322,0.014960735136973824,1.1161821367637295
ssp126,2046-08-01,0.6987175697698961,0.1445572130704651,1.1463855594996346
ssp126,2047-08-01,0.7054004113923106,0.2621378816639748,1.0823401328908666
ssp126,2048-08-01,0.6645518058899383,0.34228848042689997,0.9805571427819082
ssp126,2049-08-01,0.7559915786003933,0.49372204193386615,1.2991582325551043
ssp126,2050-08-01,0.7413385175457629,0.3314485538652612,1.184901256699316
ssp126,2051-08-01,0.7022386324991263,0.15171801243455008,1.160277914715227
ssp126,2052-08-01,0.6593373821445818,0.18130550022662284,1.177377415160981
ssp126,2053-08-01,0.7579377521526247,0.4063207884261786,1.4591538613204555
ssp126,2054-08-01,0.7626821882927199,0.5109888901885551,1.3007199658782689
ssp126,2055-08-01,0.7066095733182597,0.3586076779961296,1.2162073366087025
ssp126,2056-08-01,0.7471467216354863,0.48664996020963613,1.257026259368999
ssp126,2057-08-01,0.750847106037312,0.40120178293045683,1.224326983500017
ssp126,2058-08-01,0.7710198551180838,0.3431620468556478,1.354920035723186
ssp126,2059-08-01,0.8710522020049558,0.42313325813660896,1.5603569647070348
ssp126,2060-08-01,0.8202019994809956,0.5039461234961067,1.3340994973172116
ssp126,2061-08-01,0.6856455552246656,0.3569871975180945,1.1946609191473154
ssp126,2062-08-01,0.7484610867744114,0.42118215016390614,1.3112375672843086
ssp126,2063-08-01,0.8339062428936442,0.41045520811834457,1.574030967709394
ssp126,2064-08-01,0.8376612912816181,0.35787828000132293,1.601556092994759
ssp126,2065-08-01,0.7763025899078408,0.4529284589736964,1.5613985964858657
ssp126,2066-08-01,0.8943844245370336,0.526333648780728,1.6459501321204044
ssp126,2067-08-01,0.8979163161240223,0.3671515786435009,1.6140208799379856
ssp126,2068-08-01,0.896728902341664,0.44693157587843224,1.7430700093587284
ssp126,2069-08-01,0.8985244479239088,0.45858456417147586,1.550427791158679
ssp126,2070-08-01,0.9281347156532208,0.5514855944766968,1.4924454485683452
ssp126,2071-08-01,0.841380275642752,0.2698897830386997,1.4949449482592065
ssp126,2072-08-01,0.8459419805504445,0.37562729642440473,1.682934527156874
ssp126,2073-08-01,0.8754158066848243,0.4289556046635461,1.739320541505613
ssp126,2074-08-01,0.9213650640113801,0.4458651240077689,1.5239778418538865
ssp126,2075-08-01,0.8489484868884676,0.40424684200275607,1.4736796953394222
ssp126,2076-08-01,0.8791395466582375,0.3014252341679651,1.6943490639300443
ssp126,2077-08-01,0.9228471772018592,0.42760875924799,1.6886514545815778
ssp126,2078-08-01,0.9234509705528006,0.4389972717790869,1.7367486181634462
ssp126,2079-08-01,0.9245559266902263,0.38233103187335615,1.6266465002272206
ssp126,2080-08-01,0.9007519296169522,0.36993993638114375,1.495650698652934
ssp126,2081-08-01,0.9120327832209435,0.4027456139694152,1.6022872934370636
ssp126,2082-08-01,1.0349750584890471,0.5130439753375438,1.6827834042249261
ssp126,2083-08-01,0.9549197097073707,0.4548532226942399,1.6647735141808155
ssp126,2084-08-01,0.7946544225415965,0.34489615436039855,1.4594535130848563
ssp126,2085-08-01,0.7806855974964313,0.23159786758040823,1.475504109720939
ssp126,2086-08-01,0.83097715649744,0.13825052228112789,1.7497705791473344
ssp126,2087-08-01,0.8663383546562764,0.08553141058808933,1.925820064509704
ssp126,2088-08-01,0.854278389860305,0.296969669593679,1.7079949611403613
ssp126,2089-08-01,0.8995632337851835,0.5372788706001685,1.6713399233645987
ssp126,2090-08-01,0.8905782390116553,0.4454313957428777,1.8545892097510617
ssp126,2091-08-01,0.8949055132171484,0.3277687298946148,1.9030615019505817
ssp126,2092-08-01,0.8380290752238191,0.32172587946809195,1.7536300119447183
ssp126,2093-08-01,0.8752149911331811,0.4258457239968738,1.6524859359334698
ssp126,2094-08-01,0.9213014198725175,0.3840262832769543,1.7399597911529838
ssp126,2095-08-01,0.8484605310617906,0.2486779190270063,1.7275760931544362
ssp126,2096-08-01,0.7562654203999494,0.1280425396143272,1.8179209665952207
ssp126,2097-08-01,0.7968713843958947,0.2566108450316964,1.9366440501718962
ssp126,2098-08-01,0.8544108212069824,0.32722221143329655,1.7789600513154085
ssp126,2099-08-01,0.8703076107327158,0.34580178660196026,1.7114404218696535
ssp126,2100-08-01,0.8764608889111984,0.3764864831934407,1.7548506105360033
ssp245,2015-08-01,-0.15239315877108947,-0.276974519093832,-0.06987827592143425
ssp245,2016-08-01,-0.09660148407205556,-0.19781192143758197,0.04757305945845225
ssp245,2017-08-01,0.03496185744395167,-0.10776449819022282,0.1807194032291619
ssp245,2018-08-01,0.09288687878448064,-0.02678683773944357,0.1902665038429454
ssp245,2019-08-01,0.11827761136135605,-0.09398608693610377,0.224080354680666
ssp245,2020-08-01,0.002868295253354652,-0.24487025583569988,0.1280513612713019
ssp245,2021-08-01,0.03393527309977478,-0.08807372608792718,0.18194864450143378
ssp245,2022-08-01,0.14465023345435618,-0.004071076711019472,0.2662563465165029
ssp245,2023-08-01,0.13609340458012653,-0.1537050433417093,0.3422737705172345
ssp245,2024-08-01,0.14193915374650473,-0.2832304086446431,0.29060848753380775
ssp245,2025-08-01,0.20353261464264552,-0.2773248622653455,0.5031579242949391
ssp245,2026-08-01,0.22796408256241843,-0.2876612150701252,0.45523351604327544
ssp245,2027-08-01,0.22891865540472597,-0.20766267282753859,0.5039705159099128
ssp245,2028-08-01,0.234994246847837,0.1159173594428573,0.5167427992940183
ssp245,2029-08-01,0.33098832724175153,0.15539296952770343,0.6341397595780247
ssp245,2030-08-01,0.30905071312385346,0.20273815339339585,0.692358788507935
ssp245,2031-08-01,0.39551494916728686,0.18517731374534208,0.8519918191656863
ssp245,2032-08-01,0.49190382068655075,0.21074962651966445,0.8610471629943568
ssp245,2033-08-01,0.35704759830153854,-0.04952234845806913,0.7219306186015313
ssp245,2034-08-01,0.397206406044955,0.1649140870064283,0.6882869143722967
ssp245,2035-08-01,0.45476995521253905,0.3288610600741748,0.6597828251391924
ssp245,2036-08-01,0.5118572478048738,0.24726432044629654,0.9605559155938792
ssp245,2037-08-01,0.5730380571212235,0.17446775597826303,1.0068550944644894
ssp245,2038-08-01,0.5678916553553339,0.3038923102402791,1.051350096723084
ssp245,2039-08-01,0.5968842755605329,0.3063662036264727,1.0225398055160255
ssp245,2040-08-01,0.6786244426601551,0.31342521962978154,1.155088593784333
ssp245,2041-08-01,0.684862465589454,0.20924245391806373,1.177087565379706
ssp245,2042-08-01,0.6610607533844026,0.23513635495235263,1.168527137822183
ssp245,2043-08-01,0.6160636398038923,0.3220163189155105,1.0128731306504761
ssp245,2044-08-01,0.678860085994539,0.3777051180263804,1.1852043249413509
ssp245,2045-08-01,0.708793141140976,0.2717935807570182,1.2923946739711223
ssp245,2046-08-01,0.8100268550745415,0.23714675626228043,1.3453109706163637
ssp245,2047-08-01,0.94111692972127,0.44647918674708365,1.4662262205332421
ssp245,2048-08-01,0.9304113971026534,0.443796350170361,1.4792597043305147
ssp245,2049-08-01,0.955501894876739,0.6283301591078843,1.3727829982683897
ssp245,2050-08-01,0.9356810617677466,0.44548228682641167,1.4841913219570753
ssp245,2051-08-01,0.9609380556665007,0.5215402147564561,1.5696148175515798
ssp245,2052-08-01,1.0186719831199957,0.5948719665664033,1.51216888581415
ssp245,2053-08-01,1.0944269035694736,0.48551320166808765,1.69934826430209
ssp245,2054-08-01,1.0861690803625652,0.3910660300851898,1.7436779286215138
ssp245,2055-08-01,1.0219716411292092,0.4722836360592453,1.6788850219529667
ssp245,2056-08-01,1.032134772638725,0.5154979475045476,1.718696428631299
ssp245,2057-08-01,1.1828162391870751,0.7184555480653909,1.7943314649722435
ssp245,2058-08-01,1.1911516623634775,0.5856120678446857,1.9619816498765363
ssp245,2059-08-01,1.2406331437532003,0.6873260592102799,1.920528270182663
ssp245,2060-08-01,1.2462812901233522,0.7169785398996087,1.8109761885514164
ssp245,2061-08-01,1.2273954433053582,0.6876061556094211,1.9629198571135245
ssp245,2062-08-01,1.281209290397389,0.7260341870972642,2.105426098857871
ssp245,2063-08-01,1.3363086481712598,0.6977566614139281,2.0246026649369977
ssp245,2064-08-01,1.2713063569657967,0.5437507022596968,1.8778705515092025
ssp245,2065-08-01,1.2113388361287392,0.6697282692299869,1.8603956254276977
ssp245,2066-08-01,1.3448852578055441,0.7732385519087099,1.8812180936492542
ssp245,2067-08-01,1.452585521996182,0.8988271650767956,2.1713799815534482
ssp245,2068-08-01,1.4607640263604826,0.8665456546637049,2.267711050856553
ssp245,2069-08-01,1.33334126392069,0.6611003731303331,2.0969481114606925
ssp245,2070-08-01,1.357822352477879,0.5021911783358952,2.3822930772139497
ssp245,2071-08-01,1.4884128256149758,0.8483870847245445,2.3526440198705796
ssp245,2072-08-01,1.5492258520619695,1.0338083732786814,2.3259382314510813
ssp245,2073-08-01,1.625380393288108,0.9802298650112373,2.310250053034844
ssp245,2074-08-01,1.593352526220739,0.9584206399256434,2.3212810323811244
ssp245,2075-08-01,1.5308523166487973,1.041105244661713,2.3437097544992387
ssp245,2076-08-01,1.6122397484352204,0.8191215786255928,2.4129934452174115
ssp245,2077-08-01,1.669726363457721,0.8668236875124666,2.549652717406884
ssp245,2078-08-01,1.573546161501012,0.953422087250404,2.37907814117297
ssp245,2079-08-01,1.5742792081466543,0.8864753717764469,2.3786197861573743
ssp245,2080-08-01,1.6682596231100086,0.9333969944148617,2.5258469716907737
ssp245,2081-08-01,1.697149356845239,1.0424161519869255,2.715160049119776
ssp245,2082-08-01,1.7090260084413929,1.1824797793446713,2.7205504353681906
ssp245,2083-08-01,1.6892218179820975,1.0208430934804813,2.7499465138256998
ssp245,2084-08-01,1.6941857195560506,1.0632332318510525,2.5516905500146354
ssp245,2085-08-01,1.8149590755372327,1.2461175351152534,2.584360658041577
ssp245,2086-08-01,1.8815764998949522,1.2231619458368304,2.789772078781626
ssp245,2087-08-01,1.7663605882954216,0.9998099740772783,2.760954988909221
ssp245,2088-08-01,1.8026629040372906,0.953878575914791,2.8280746377889
ssp245,2089-08-01,1.8090756583462986,1.0443902865125043,2.7583160046633974
ssp245,2090-08-01,1.8422391434008976,1.2149682216756528,2.634603146967992
ssp245,2091-08-01,1.8591985753621532,1.0514344228054977,2.863124209666326
ssp245,2092-08-01,1.8682305063420823,1.2322667335626054,2.856011079341071
ssp245,2093-08-01,1.9073449035812242,1.0413925190810165,2.827672434858277
ssp245,2094-08-01,1.9048293542983037,1.1238797359257173,2.778770394298176
ssp245,2095-08-01,1.9484065721500305,1.2699764184139202,2.9684958435311035
ssp245,2096-08-01,1.9560499659095762,1.1239874544622328,2.952875257721468
ssp245,2097-08-01,1.970720706876717,1.202168513111582,3.027230309659446
ssp245,2098-08-01,1.946460658694684,1.2819778027962343,3.049355433476231
ssp245,2099-08-01,1.9120311904306675,1.1934944000813932,2.9518508184499286
ssp245,2100-08-01,1.9826177457420695,1.229909223305965,3.0161561408050144
ssp370,2015-08-01,-0.1664873912395716,-0.25887670997978063,-0.08973737093629452
ssp370,2016-08-01,-0.05211976713677201,-0.15172455405300944,0.11003877928532191
ssp370,2017-08-01,0.09085823496975085,-0.06453698136344954,0.352691734121354
ssp370,2018-08-01,0.08262182588916696,-0.018546557980304357,0.16010971715233246
ssp370,2019-08-01,0.040178345934047295,-0.23561680805525853,0.23774474871970774
ssp370,2020-08-01,0.004948751583375964,-0.11882977643481141,0.08649151186389936
ssp370,2021-08-01,0.10638092431003189,-0.15920027542103554,0.22740424437056994
ssp370,2022-08-01,0.1416642725035643,-0.12797435124715228,0.4482034453819832
ssp370,2023-08-01,0.06129410183180844,-0.2510609047373169,0.3276551291890595
ssp370,2024-08-01,0.021221142099699466,-0.4457741304651339,0.4242419255614731
ssp370,2025-08-01,0.12039700884023675,-0.3615193587698382,0.6169113380511746
ssp370,2026-08-01,0.21712114868921667,-0.03675480142794463,0.5712370803655986
ssp370,2027-08-01,0.31447032740515163,0.10738852540909427,0.6008919067877176
ssp370,2028-08-01,0.3277292691404564,0.0496876438868874,0.5538589154885631
ssp370,2029-08-01,0.26773940791190604,-0.03532595963776153,0.5206767717997227
ssp370,2030-08-01,0.2538963330458007,-0.1283613991849979,0.6401737795813052
ssp370,2031-08-01,0.3543391145204153,0.056514805442256844,0.9324435320212192
ssp370,2032-08-01,0.41967204231847105,0.141476834503786,0.946929184582201
ssp370,2033-08-01,0.46663157790938037,0.3285937239201946,0.6825098148319952
ssp370,2034-08-01,0.4892355513009744,0.3485941779496535,0.9820337357170743
ssp370,2035-08-01,0.5590536287459447,0.3646761030943271,1.0264136792673781
ssp370,2036-08-01,0.5898611698452628,0.1223261617157334,1.1193559975629679
ssp370,2037-08-01,0.6398105783392504,0.16240653138603278,1.124502600002657
ssp370,2038-08-01,0.621175954827901,0.19801514538126774,1.1861036329064234
ssp370,2039-08-01,0.6402502300590494,0.17272813105518559,1.1935600413272383
ssp370,2040-08-01,0.7164141312302478,0.2189217366815246,1.2640283684799059
ssp370,2041-08-01,0.7433825595886113,0.3782826473887173,1.2348010335512054
ssp370,2042-08-01,0.8163276576606514,0.4062985837618669,1.2562608600717962
ssp370,2043-08-01,0.8645768882314346,0.5375135388538759,1.3510127665099407
ssp370,2044-08-01,0.8405773595765653,0.41072266881172403,1.376287517282611
ssp370,2045-08-01,0.8605037423411301,0.3297456530255882,1.5577050766724803
ssp370,2046-08-01,0.9148723117440346,0.25056015329105996,1.7270442663352163
ssp370,2047-08-01,0.9645851903286287,0.34130816066776504,1.6318673249382982
ssp370,2048-08-01,1.0186377636734474,0.5523020456722882,1.705764528047336
ssp370,2049-08-01,1.1512650826776762,0.6859186747516759,1.807223558453849
ssp370,2050-08-01,1.1220298180837562,0.7040498350037687,1.8465203605374825
ssp370,2051-08-01,1.1507297556421243,0.5000365982880286,1.7451479297917167
ssp370,2052-08-01,1.2007610032347207,0.5712783422505581,1.840001326518756
ssp370,2053-08-01,1.2832358997548314,0.7048322591153209,2.000965703968639
ssp370,2054-08-01,1.2393371916142093,0.7125566829577785,1.9196942809019042
ssp370,2055-08-01,1.2759651115730641,0.686938940892114,2.072642200188657
ssp370,2056-08-01,1.3161989274615635,0.8067499127459357,2.0819838649684925
ssp370,2057-08-01,1.4296748015967076,0.8543538880171901,2.2986149603982966
ssp370,2058-08-01,1.5028329717592543,1.0486801064587787,2.3932104028970578
ssp370,2059-08-01,1.4576916149495212,0.6580045196390678,2.3034335594198225
ssp370,2060-08-01,1.4887637145529646,0.7283066644159852,2.2668670904737915
ssp370,2061-08-01,1.535771923759912,0.8826874041619845,2.2779657207932154
ssp370,2062-08-01,1.6015407430524466,0.971094753012153,2.2706368455309693
ssp370,2063-08-01,1.6141315259070528,0.7388620623384874,2.299203329518864
ssp370,2064-08-01,1.6562623950555095,0.7421849333052535,2.511558106594677
ssp370,2065-08-01,1.6668471268031873,1.0005177144711404,2.525589859019309
ssp370,2066-08-01,1.7537463568347766,1.2103001940603786,2.4718264386512736
ssp370,2067-08-01,1.7801343118825848,1.138373798071676,2.602297098974134
ssp370,2068-08-01,1.8933852337205224,1.1721184214455178,2.7538366790976987
ssp370,2069-08-01,1.9993676413053922,1.2534431332196547,2.8193867020479857
ssp370,2070-08-01,1.8693173509475387,1.2327199122688377,2.8227662294442126
ssp370,2071-08-01,1.9063412395525703,1.3450789209125595,2.825564881580341
ssp370,2072-08-01,2.0461133792965227,1.3656264372155142,3.070434786383931
ssp370,2073-08-01,2.1147616709217845,1.2812897880318523,3.0219166009048166
ssp370,2074-08-01,2.118738335556626,1.2064394203864772,3.007751837473794
ssp370,2075-08-01,2.144531796458232,1.4046677252771396,3.1043419060595205
ssp370,2076-08-01,2.081538100068088,1.2395245679787266,3.1520068322816748
ssp370,2077-08-01,2.152545973200671,1.0564893177329786,3.3033612667230905
ssp370,2078-08-01,2.2950988853298546,1.2180956724505556,3.351542109285443
ssp370,2079-08-01,2.337464214554295,1.4880453252645829,3.2677257421450676
ssp370,2080-08-01,2.2875573820369888,1.5931939082924753,3.4054749286875605
ssp370,2081-08-01,2.357137575002759,1.5591923917764756,3.6643474091770365
ssp370,2082-08-01,2.4327267887721695,1.6508566975492638,3.4497534599472637
ssp370,2083-08-01,2.5554041869010544,1.8871992122996915,3.596820345384568
ssp370,2084-08-01,2.560070987143618,1.9102546013463648,3.7725101911570924
ssp370,2085-08-01,2.6409564164280943,1.8063262739990762,3.965461978276558
ssp370,2086-08-01,2.589814782775069,1.6006470722068507,3.860813775823665
ssp370,2087-08-01,2.580941690004842,1.7600312790754415,3.84198535002292
ssp370,2088-08-01,2.789241302519057,2.0964684783426915,3.8821058863256965
ssp370,2089-08-01,2.9013372809680766,2.1556296238555426,4.094885132129164
ssp370,2090-08-01,2.8572442379663747,1.8082828771494306,4.271216246103666
ssp370,2091-08-01,2.8412854916362824,1.8816086360340698,4.333664697072553
ssp370,2092-08-01,2.9133602958697415,2.132531356590915,4.2979868165040855
ssp370,2093-08-01,3.109482700597136,2.021190219979811,4.394461152995159
ssp370,2094-08-01,3.176664032241412,1.7820319237479794,4.616515365568581
ssp370,2095-08-01,3.0592573260321956,1.8597555872600644,4.594953129378808
ssp370,2096-08-01,3.1467521466319113,2.191180361419274,4.607031651213386
ssp370,2097-08-01,3.295659286679356,2.2779110671746032,4.8330476120790244
ssp370,2098-08-01,3.304422652518852,2.144589820414698,4.853291624309971
ssp370,2099-08-01,3.336652432098276,2.3488513233422523,4.896586247721263
ssp370,2100-08-01,3.3748927943939364,2.5527576257819398,5.102433838314095
ssp585,2015-08-01,-0.14049620787561753,-0.22769386378870315,0.015617548948901216
ssp585,2016-08-01,-0.045386482316871736,-0.215790066368168,0.11227814356485943
ssp585,2017-08-01,0.01608229653590852,-0.15165185061774622,0.24274079004923443
ssp585,2018-08-01,0.05371263714849534,-0.03220668530645554,0.25686194865081546
ssp585,2019-08-01,0.10079010495528935,-0.05934890111287494,0.2696079334815078
ssp585,2020-08-01,0.015297651552796054,-0.228963549243419,0.2276509205108077
ssp585,2021-08-01,0.04688776262043121,-0.2505761690701842,0.1814987763844318
ssp585,2022-08-01,0.1373880316155611,-0.09627040227254291,0.3127515527388436
ssp585,2023-08-01,0.11854148723353523,-0.045737107594808535,0.30814616411037576
ssp585,2024-08-01,0.1315987126257228,0.01280705134073834,0.22651773372740003
ssp585,2025-08-01,0.14590404790602637,-0.009875761127625893,0.30260040803809574
ssp585,2026-08-01,0.1900873706738691,0.07358415919009076,0.41031283594714374
ssp585,2027-08-01,0.28626964311963476,0.12674726285658444,0.6144742149206337
ssp585,2028-08-01,0.39797380264694077,0.11535698289728913,0.5428424185931888
ssp585,2029-08-01,0.4112163719128006,0.26458084703147833,0.5510226885477696
ssp585,2030-08-01,0.4131948173600425,0.15081539508803132,0.6858871460449549
ssp585,2031-08-01,0.4601707471357313,0.1654359499613438,0.7301941137069168
ssp585,2032-08-01,0.4619630321176381,0.13888851801554303,0.8158206143060482
ssp585,2033-08-01,0.4644903659000073,0.11605374018351178,0.9490452851824944
ssp585,2034-08-01,0.47767882167477943,0.24851528803507428,1.0189062860693099
ssp585,2035-08-01,0.5282617790679842,0.23187939325968365,1.0236424749750181
ssp585,2036-08-01,0.6414241213056682,0.3295880508479794,1.0827110522479817
ssp585,2037-08-01,0.6493683101918324,0.38811413447062115,1.1082479123388467
ssp585,2038-08-01,0.7369262345194458,0.5405423415536585,1.146082724940614
ssp585,2039-08-01,0.7562792353361166,0.33925348110734177,1.260197062940465
ssp585,2040-08-01,0.8114361213044512,0.26486228089478203,1.4562720807653449
ssp585,2041-08-01,0.8276965065289785,0.426883770927148,1.468814964206711
ssp585,2042-08-01,0.8473043249396791,0.5765842119964901,1.4271473439713525
ssp585,2043-08-01,0.9877547332114415,0.7286470826549927,1.5048842469995733
ssp585,2044-08-01,1.0453583250594634,0.630496220266572,1.4942712297050598
ssp585,2045-08-01,1.0710920811151594,0.6203027433264428,1.530825311733583
ssp585,2046-08-01,1.0732776488928304,0.5625961421772008,1.7378242547310876
ssp585,2047-08-01,1.1502601295758368,0.571132850484549,1.867932422188293
ssp585,2048-08-01,1.2365822997839722,0.851804748158175,1.8869037177303163
ssp585,2049-08-01,1.3157026444297533,1.042937725281222,1.869412588642863
ssp585,2050-08-01,1.3315168583017087,0.8810585119746381,1.9667584853683628
ssp585,2051-08-01,1.397749947667106,0.8662714422507172,2.233082798012788
ssp585,2052-08-01,1.4114724045131513,0.8189916145280609,2.2741462899697567
ssp585,2053-08-01,1.3817495866514815,0.6717097713242062,2.2081459163803423
ssp585,2054-08-01,1.475725723783785,0.8894833902266495,2.2821464279244417
ssp585,2055-08-01,1.5758681061685542,1.0970089500796778,2.4640804990749707
ssp585,2056-08-01,1.6355018994222514,1.107516527396319,2.480448670854539
ssp585,2057-08-01,1.678493276114326,1.068912749632693,2.5149583993970275
ssp585,2058-08-01,1.7178101081100439,1.1334748368717005,2.4512687861292655
ssp585,2059-08-01,1.7740441784535594,1.1437674251062742,2.6531921923830275
ssp585,2060-08-01,1.9042360058615866,1.2740948146399997,2.8774745501318044
ssp585,2061-08-01,1.896490577384352,1.476427131107263,2.869999386587878
ssp585,2062-08-01,1.933284588832317,1.323011659361855,2.932241583231601
ssp585,2063-08-01,2.0160695611360695,1.4208351945992508,3.1091908874648944
ssp585,2064-08-01,2.114848549129175,1.3542772805606749,3.1858841128230573
ssp585,2065-08-01,2.1176340034973404,1.3175196513242131,3.243126904106724
ssp585,2066-08-01,2.1665347439889215,1.4269103126040381,3.2743176798038895
ssp585,2067-08-01,2.2568645083587904,1.4498977742530865,3.381653044625068
ssp585,2068-08-01,2.2582182414780343,1.5363136330162614,3.302475368689418
ssp585,2069-08-01,2.3524151820301182,1.6414643674556668,3.474736715832478
ssp585,2070-08-01,2.5164584152613068,1.8033524338462374,3.7169671914898466
ssp585,2071-08-01,2.6239630628680004,1.7286857010163725,3.7257622245169877
ssp585,2072-08-01,2.5413983197909906,1.7303471104418318,3.9307172971517126
ssp585,2073-08-01,2.6089902022249682,1.9608408358667972,3.89236783732359
ssp585,2074-08-01,2.6741875183340946,1.887708076445426,3.687012096661011
ssp585,2075-08-01,2.7038147504432937,1.8242376021767708,3.863309415525787
ssp585,2076-08-01,2.7690258604451685,1.9385619011350936,4.172644113970932
ssp585,2077-08-01,2.786908738530133,1.928779579598368,4.146736659764844
ssp585,2078-08-01,2.846560535389576,1.8783437229916533,4.227290227611917
ssp585,2079-08-01,2.977308530391188,2.0207491679012133,4.3319205301656964
ssp585,2080-08-01,3.0882272695492454,2.1458890181344437,4.4359759320295
ssp585,2081-08-01,3.168407912935567,2.229089414193984,4.485200019763614
ssp585,2082-08-01,3.2318311535561883,2.2645606307194495,4.5613736627726205
ssp585,2083-08-01,3.2538979003838793,2.356566271610699,4.617952575049433
ssp585,2084-08-01,3.2598738573449424,2.379222490391781,4.760465255619465
ssp585,2085-08-01,3.3420620928153926,2.3629700444434807,4.8058673456968215
ssp585,2086-08-01,3.484228529147665,2.3235755481025056,4.812005920930233
ssp585,2087-08-01,3.5574677255868385,2.5243886400828366,4.970637272945904
ssp585,2088-08-01,3.580114539956393,2.6258722839276043,5.091799704253198
ssp585,2089-08-01,3.6697886059146327,2.6283378575831318,5.374548546563176
ssp585,2090-08-01,3.758909510514023,2.7636684342643623,5.313995001316012
ssp585,2091-08-01,3.884754842071286,2.8999423232280854,5.284888806605682
ssp585,2092-08-01,3.8467912367362476,2.910194791116643,5.387600448568261
ssp585,2093-08-01,3.871081490037486,2.940436572219765,5.414017288646637
ssp585,2094-08-01,3.9801641030871613,2.929960579120209,5.562055662370685
ssp585,2095-08-01,4.133000303965078,3.037942877113819,5.8052367065097705
ssp585,2096-08-01,4.147325569789992,3.050572097686933,5.88261504711318
ssp585,2097-08-01,4.11485592176713,2.875592691470338,5.880813671807065
ssp585,2098-08-01,4.247681948692585,3.174202779113198,6.046002416141878
ssp585,2099-08-01,4.325636290608608,2.9362979894238332,5.876854723910203
ssp585,2100-08-01,4.292774497012494,2.957162741969606,6.02578172396834
