m49;country;year;immigrants;emigrants
4;Afghanistan;1990;57686.0;7477104.0
4;Afghanistan;1995;71522.0;4107724.0
4;Afghanistan;2000;75917.0;4544516.0
4;Afghanistan;2005;87314.0;3902699.0
4;Afghanistan;2010;102276.0;5074825.0
4;Afghanistan;2015;339432.0;5181002.0
4;Afghanistan;2020;144098.0;5729887.0
4;Afghanistan;2024;98110.0;7528994.0
8;Albania;1990;66013.0;178747.0
8;Albania;1995;71354.0;394084.0
8;Albania;2000;76695.0;629192.0
8;Albania;2005;64739.0;784369.0
8;Albania;2010;52784.0;962514.0
8;Albania;2015;52031.0;985561.0
8;Albania;2020;48810.0;1103849.0
8;Albania;2024;46377.0;1216628.0
12;Algeria;1990;273954.0;1458505.0
12;Algeria;1995;262032.0;1424971.0
12;Algeria;2000;250110.0;1427791.0
12;Algeria;2005;197728.0;1554741.0
12;Algeria;2010;217268.0;1604582.0
12;Algeria;2015;239473.0;1662433.0
12;Algeria;2020;250378.0;1732822.0
12;Algeria;2024;259458.0;1780399.0
16;American Samoa*;1990;21283.0;1085.0
16;American Samoa*;1995;23098.0;1625.0
16;American Samoa*;2000;24912.0;2183.0
16;American Samoa*;2005;24233.0;2148.0
16;American Samoa*;2010;23555.0;2341.0
16;American Samoa*;2015;23513.0;2452.0
16;American Samoa*;2020;23608.0;2952.0
16;American Samoa*;2024;23684.0;3362.0
20;Andorra;1990;38891.0;143.0
20;Andorra;1995;44206.0;283.0
20;Andorra;2000;42147.0;436.0
20;Andorra;2005;50298.0;448.0
20;Andorra;2010;52053.0;1213.0
20;Andorra;2015;42264.0;1467.0
20;Andorra;2020;45574.0;1751.0
20;Andorra;2024;48408.0;1982.0
24;Angola;1990;33517.0;799084.0
24;Angola;1995;39813.0;656106.0
24;Angola;2000;46108.0;873474.0
24;Angola;2005;62331.0;663380.0
24;Angola;2010;336367.0;579968.0
24;Angola;2015;632178.0;518695.0
24;Angola;2020;656434.0;549257.0
24;Angola;2024;676507.0;616967.0
28;Antigua and Barbuda;1990;12029.0;7368.0
28;Antigua and Barbuda;1995;17550.0;7792.0
28;Antigua and Barbuda;2000;23071.0;8297.0
28;Antigua and Barbuda;2005;24741.0;7978.0
28;Antigua and Barbuda;2010;26412.0;8143.0
28;Antigua and Barbuda;2015;28082.0;12860.0
28;Antigua and Barbuda;2020;29386.0;12999.0
28;Antigua and Barbuda;2024;30473.0;13111.0
31;Azerbaijan;1990;402177.0;1334492.0
31;Azerbaijan;1995;588812.0;1517896.0
31;Azerbaijan;2000;523518.0;1466589.0
31;Azerbaijan;2005;301922.0;1350981.0
31;Azerbaijan;2010;251417.0;1050055.0
31;Azerbaijan;2015;224337.0;860748.0
31;Azerbaijan;2020;198894.0;790122.0
31;Azerbaijan;2024;218460.0;810116.0
32;Argentina;1990;1647935.0;406466.0
32;Argentina;1995;1589660.0;445110.0
32;Argentina;2000;1543851.0;571985.0
32;Argentina;2005;1641560.0;824076.0
32;Argentina;2010;1799680.0;877341.0
32;Argentina;2015;1856613.0;895980.0
32;Argentina;2020;1912294.0;1014400.0
32;Argentina;2024;1958039.0;1183381.0
36;Australia*;1990;3991501.0;250909.0
36;Australia*;1995;4215646.0;280785.0
36;Australia*;2000;4389847.0;311529.0
36;Australia*;2005;4880921.0;337326.0
36;Australia*;2010;5879802.0;362178.0
36;Australia*;2015;6733056.0;403333.0
36;Australia*;2020;7604850.0;420672.0
36;Australia*;2024;8111404.0;430718.0
40;Austria;1990;633753.0;433951.0
40;Austria;1995;764758.0;418616.0
40;Austria;2000;920045.0;414141.0
40;Austria;2005;1174101.0;408939.0
40;Austria;2010;1285706.0;409023.0
40;Austria;2015;1540486.0;411144.0
40;Austria;2020;1781046.0;424072.0
40;Austria;2024;2327064.0;430560.0
44;Bahamas;1990;26855.0;2074.0
44;Bahamas;1995;31654.0;2064.0
44;Bahamas;2000;36454.0;2139.0
44;Bahamas;2005;45531.0;1985.0
44;Bahamas;2010;54745.0;1867.0
44;Bahamas;2015;59241.0;1955.0
44;Bahamas;2020;63583.0;2042.0
44;Bahamas;2024;67285.0;2174.0
48;Bahrain;1990;176972.0;11251.0
48;Bahrain;1995;213818.0;21614.0
48;Bahrain;2000;238924.0;32137.0
48;Bahrain;2005;387591.0;36803.0
48;Bahrain;2010;643007.0;42283.0
48;Bahrain;2015;721540.0;45263.0
48;Bahrain;2020;785983.0;45356.0
48;Bahrain;2024;840202.0;57160.0
50;Bangladesh;1990;881617.0;5076540.0
50;Bangladesh;1995;934735.0;5266258.0
50;Bangladesh;2000;987853.0;5287858.0
50;Bangladesh;2005;1062270.0;5198991.0
50;Bangladesh;2010;1345546.0;6221642.0
50;Bangladesh;2015;1422179.0;7883873.0
50;Bangladesh;2020;2115408.0;8085347.0
50;Bangladesh;2024;2906338.0;8706947.0
51;Armenia;1990;433541.0;813557.0
51;Armenia;1995;622042.0;990938.0
51;Armenia;2000;588242.0;950779.0
51;Armenia;2005;476812.0;787489.0
51;Armenia;2010;210873.0;799328.0
51;Armenia;2015;190896.0;741708.0
51;Armenia;2020;207139.0;685545.0
51;Armenia;2024;274645.0;637604.0
52;Barbados;1990;24024.0;20659.0
52;Barbados;1995;26224.0;20592.0
52;Barbados;2000;28424.0;20249.0
52;Barbados;2005;30624.0;20961.0
52;Barbados;2010;32825.0;20844.0
52;Barbados;2015;34475.0;20504.0
52;Barbados;2020;34869.0;19564.0
52;Barbados;2024;35187.0;19558.0
56;Belgium;1990;944340.0;312709.0
56;Belgium;1995;1003834.0;305533.0
56;Belgium;2000;1076676.0;313188.0
56;Belgium;2005;1243352.0;374297.0
56;Belgium;2010;1567639.0;405732.0
56;Belgium;2015;1814949.0;438560.0
56;Belgium;2020;2046975.0;482561.0
56;Belgium;2024;2349032.0;521884.0
60;Bermuda*;1990;15683.0;433.0
60;Bermuda*;1995;16676.0;473.0
60;Bermuda*;2000;17684.0;537.0
60;Bermuda*;2005;18108.0;638.0
60;Bermuda*;2010;18547.0;748.0
60;Bermuda*;2015;19212.0;871.0
60;Bermuda*;2020;19739.0;1051.0
60;Bermuda*;2024;20171.0;1100.0
64;Bhutan;1990;23807.0;27169.0
64;Bhutan;1995;27972.0;117210.0
64;Bhutan;2000;32137.0;119788.0
64;Bhutan;2005;40279.0;117140.0
64;Bhutan;2010;48420.0;88335.0
64;Bhutan;2015;51106.0;47807.0
64;Bhutan;2020;53612.0;52339.0
64;Bhutan;2024;55705.0;66145.0
68;Bolivia (Plurinational State of);1990;73758.0;199843.0
68;Bolivia (Plurinational State of);1995;83598.0;236253.0
68;Bolivia (Plurinational State of);2000;92658.0;281557.0
68;Bolivia (Plurinational State of);2005;107745.0;456266.0
68;Bolivia (Plurinational State of);2010;122846.0;648912.0
68;Bolivia (Plurinational State of);2015;143008.0;646591.0
68;Bolivia (Plurinational State of);2020;164121.0;744014.0
68;Bolivia (Plurinational State of);2024;183234.0;783473.0
70;Bosnia and Herzegovina;1990;56000.0;1108999.0
70;Bosnia and Herzegovina;1995;69476.0;1705561.0
70;Bosnia and Herzegovina;2000;82952.0;1624537.0
70;Bosnia and Herzegovina;2005;47287.0;1494812.0
70;Bosnia and Herzegovina;2010;38945.0;1481062.0
70;Bosnia and Herzegovina;2015;38597.0;1477261.0
70;Bosnia and Herzegovina;2020;36042.0;1542552.0
70;Bosnia and Herzegovina;2024;34120.0;1608324.0
72;Botswana;1990;27510.0;23982.0
72;Botswana;1995;40168.0;17487.0
72;Botswana;2000;74934.0;22155.0
72;Botswana;2005;84661.0;22158.0
72;Botswana;2010;94863.0;19869.0
72;Botswana;2015;103053.0;18161.0
72;Botswana;2020;110268.0;17397.0
72;Botswana;2024;116402.0;16731.0
76;Brazil;1990;803218.0;446721.0
76;Brazil;1995;732622.0;626103.0
76;Brazil;2000;687362.0;902341.0
76;Brazil;2005;641029.0;1215342.0
76;Brazil;2010;596859.0;1365997.0
76;Brazil;2015;646540.0;1402267.0
76;Brazil;2020;1048866.0;1854912.0
76;Brazil;2024;1406299.0;2194325.0
84;Belize;1990;30404.0;3528.0
84;Belize;1995;33446.0;3627.0
84;Belize;2000;36488.0;3849.0
84;Belize;2005;41438.0;4380.0
84;Belize;2010;46390.0;5247.0
84;Belize;2015;54615.0;5970.0
84;Belize;2020;62043.0;6694.0
84;Belize;2024;68706.0;7383.0
90;Solomon Islands;1990;4226.0;2171.0
90;Solomon Islands;1995;4178.0;2348.0
90;Solomon Islands;2000;3981.0;2398.0
90;Solomon Islands;2005;3271.0;2671.0
90;Solomon Islands;2010;2760.0;3024.0
90;Solomon Islands;2015;2585.0;3447.0
90;Solomon Islands;2020;2520.0;4047.0
90;Solomon Islands;2024;2469.0;8352.0
92;British Virgin Islands*;1990;8035.0;3832.0
92;British Virgin Islands*;1995;10046.0;3930.0
92;British Virgin Islands*;2000;12958.0;4053.0
92;British Virgin Islands*;2005;15016.0;3678.0
92;British Virgin Islands*;2010;17076.0;4534.0
92;British Virgin Islands*;2015;19535.0;4874.0
92;British Virgin Islands*;2020;22164.0;5543.0
92;British Virgin Islands*;2024;24520.0;6185.0
96;Brunei Darussalam;1990;73200.0;31408.0
96;Brunei Darussalam;1995;84748.0;44425.0
96;Brunei Darussalam;2000;96296.0;45229.0
96;Brunei Darussalam;2005;98441.0;45524.0
96;Brunei Darussalam;2010;100587.0;45555.0
96;Brunei Darussalam;2015;102733.0;45924.0
96;Brunei Darussalam;2020;111959.0;46349.0
96;Brunei Darussalam;2024;119933.0;46552.0
100;Bulgaria;1990;21510.0;597707.0
100;Bulgaria;1995;32435.0;661065.0
100;Bulgaria;2000;43360.0;707846.0
100;Bulgaria;2005;61074.0;808373.0
100;Bulgaria;2010;76287.0;926056.0
100;Bulgaria;2015;123803.0;1030383.0
100;Bulgaria;2020;184363.0;1178732.0
100;Bulgaria;2024;299100.0;1252234.0
104;Myanmar;1990;133545.0;529164.0
104;Myanmar;1995;113663.0;530678.0
104;Myanmar;2000;98011.0;671239.0
104;Myanmar;2005;83025.0;1254165.0
104;Myanmar;2010;76414.0;2129897.0
104;Myanmar;2015;73309.0;2517411.0
104;Myanmar;2020;76446.0;3611603.0
104;Myanmar;2024;79052.0;4320462.0
108;Burundi;1990;333110.0;342568.0
108;Burundi;1995;254853.0;549487.0
108;Burundi;2000;125628.0;802113.0
108;Burundi;2005;192774.0;651030.0
108;Burundi;2010;247321.0;290788.0
108;Burundi;2015;298299.0;444013.0
108;Burundi;2020;344767.0;552134.0
108;Burundi;2024;387101.0;576530.0
112;Belarus;1990;1248977.0;1768067.0
112;Belarus;1995;1186282.0;1680350.0
112;Belarus;2000;1123586.0;1599048.0
112;Belarus;2005;1106982.0;1462091.0
112;Belarus;2010;1090378.0;1310899.0
112;Belarus;2015;1082905.0;1079713.0
112;Belarus;2020;1067090.0;919469.0
112;Belarus;2024;1054604.0;790232.0
116;Cambodia;1990;38375.0;261096.0
116;Cambodia;1995;92230.0;282803.0
116;Cambodia;2000;146085.0;316497.0
116;Cambodia;2005;114096.0;455076.0
116;Cambodia;2010;82028.0;613439.0
116;Cambodia;2015;73962.0;674059.0
116;Cambodia;2020;79341.0;726096.0
116;Cambodia;2024;83925.0;778793.0
120;Cameroon;1990;265967.0;92391.0
120;Cameroon;1995;244791.0;108473.0
120;Cameroon;2000;227242.0;131985.0
120;Cameroon;2005;265503.0;167265.0
120;Cameroon;2010;291474.0;214405.0
120;Cameroon;2015;508346.0;275824.0
120;Cameroon;2020;579209.0;357087.0
120;Cameroon;2024;642948.0;409677.0
124;Canada;1990;4251056.0;1114493.0
124;Canada;1995;4853738.0;1273577.0
124;Canada;2000;5525404.0;1248046.0
124;Canada;2005;6086976.0;1255998.0
124;Canada;2010;7035001.0;1255259.0
124;Canada;2015;8049874.0;1307957.0
124;Canada;2020;8332892.0;1310121.0
124;Canada;2024;8805839.0;1347381.0
132;Cabo Verde;1990;8931.0;51800.0
132;Cabo Verde;1995;9979.0;63673.0
132;Cabo Verde;2000;11027.0;76121.0
132;Cabo Verde;2005;12700.0;92475.0
132;Cabo Verde;2010;14373.0;99281.0
132;Cabo Verde;2015;14924.0;116450.0
132;Cabo Verde;2020;15788.0;133491.0
132;Cabo Verde;2024;16515.0;146396.0
136;Cayman Islands*;1990;9315.0;125.0
136;Cayman Islands*;1995;12666.0;130.0
136;Cayman Islands*;2000;19176.0;146.0
136;Cayman Islands*;2005;20679.0;179.0
136;Cayman Islands*;2010;24062.0;248.0
136;Cayman Islands*;2015;26193.0;381.0
136;Cayman Islands*;2020;29242.0;549.0
136;Cayman Islands*;2024;31935.0;609.0
140;Central African Republic;1990;67234.0;37143.0
140;Central African Republic;1995;99712.0;39510.0
140;Central African Republic;2000;123529.0;44980.0
140;Central African Republic;2005;96409.0;115287.0
140;Central African Republic;2010;94685.0;228473.0
140;Central African Republic;2015;81568.0;666056.0
140;Central African Republic;2020;88546.0;794362.0
140;Central African Republic;2024;94556.0;905808.0
144;Sri Lanka;1990;41561.0;843476.0
144;Sri Lanka;1995;40841.0;721651.0
144;Sri Lanka;2000;40132.0;786520.0
144;Sri Lanka;2005;39526.0;910507.0
144;Sri Lanka;2010;38959.0;1108466.0
144;Sri Lanka;2015;39706.0;1246445.0
144;Sri Lanka;2020;40254.0;1409777.0
144;Sri Lanka;2024;40698.0;1492103.0
148;Chad;1990;74342.0;329970.0
148;Chad;1995;89584.0;217609.0
148;Chad;2000;104825.0;202762.0
148;Chad;2005;352130.0;201982.0
148;Chad;2010;417034.0;191459.0
148;Chad;2015;466968.0;179293.0
148;Chad;2020;547494.0;208110.0
148;Chad;2024;1269673.0;292298.0
152;Chile;1990;100133.0;390979.0
152;Chile;1995;125754.0;391356.0
152;Chile;2000;166608.0;393879.0
152;Chile;2005;241522.0;419855.0
152;Chile;2010;361531.0;435797.0
152;Chile;2015;598039.0;419035.0
152;Chile;2020;1476240.0;423400.0
152;Chile;2024;1538324.0;444451.0
156;China;1990;518395.0;3990935.0
156;China;1995;610608.0;4676354.0
156;China;2000;720915.0;5668480.0
156;China;2005;853360.0;6892920.0
156;China;2010;1010008.0;8773150.0
156;China;2015;1196007.0;10357962.0
156;China;2020;1415116.0;11169868.0
156;China;2024;1638718.0;11701619.0
158;China, Taiwan Province of China;1990;66378.0;388755.0
158;China, Taiwan Province of China;1995;246682.0;429257.0
158;China, Taiwan Province of China;2000;450366.0;593675.0
158;China, Taiwan Province of China;2005;548367.0;645094.0
158;China, Taiwan Province of China;2010;587646.0;723110.0
158;China, Taiwan Province of China;2015;866324.0;801098.0
158;China, Taiwan Province of China;2020;1055191.0;810609.0
158;China, Taiwan Province of China;2024;1136425.0;832507.0
170;Colombia;1990;100672.0;1000769.0
170;Colombia;1995;109550.0;1181011.0
170;Colombia;2000;109863.0;1469973.0
170;Colombia;2005;110495.0;1823207.0
170;Colombia;2010;126424.0;2558298.0
170;Colombia;2015;145504.0;2720321.0
170;Colombia;2020;1932807.0;3165293.0
170;Colombia;2024;3063518.0;3652238.0
174;Comoros;1990;14079.0;32522.0
174;Comoros;1995;13939.0;48072.0
174;Comoros;2000;13799.0;73404.0
174;Comoros;2005;13209.0;97008.0
174;Comoros;2010;12618.0;111510.0
174;Comoros;2015;12555.0;188715.0
174;Comoros;2020;12496.0;260848.0
174;Comoros;2024;12449.0;367574.0
175;Mayotte;1990;15229.0;1835.0
175;Mayotte;1995;26316.0;3937.0
175;Mayotte;2000;45474.0;6214.0
175;Mayotte;2005;63176.0;6468.0
175;Mayotte;2010;72757.0;6336.0
175;Mayotte;2015;81386.0;6545.0
175;Mayotte;2020;111540.0;6767.0
175;Mayotte;2024;143528.0;6960.0
178;Congo;1990;129391.0;64367.0
178;Congo;1995;191635.0;88142.0
178;Congo;2000;305880.0;118262.0
178;Congo;2005;318724.0;160242.0
178;Congo;2010;425173.0;169150.0
178;Congo;2015;390142.0;201319.0
178;Congo;2020;387606.0;220301.0
178;Congo;2024;385589.0;231080.0
180;Democratic Republic of the Congo;1990;754194.0;393133.0
180;Democratic Republic of the Congo;1995;1816963.0;505090.0
180;Democratic Republic of the Congo;2000;744387.0;794799.0
180;Democratic Republic of the Congo;2005;623009.0;1097069.0
180;Democratic Republic of the Congo;2010;589882.0;1242847.0
180;Democratic Republic of the Congo;2015;810018.0;1512153.0
180;Democratic Republic of the Congo;2020;952871.0;1916852.0
180;Democratic Republic of the Congo;2024;1085090.0;2097387.0
184;Cook Islands*;1990;2587.0;17630.0
184;Cook Islands*;1995;2686.0;16916.0
184;Cook Islands*;2000;2785.0;19708.0
184;Cook Islands*;2005;3277.0;20294.0
184;Cook Islands*;2010;3769.0;20294.0
184;Cook Islands*;2015;4168.0;20558.0
184;Cook Islands*;2020;4579.0;20134.0
184;Cook Islands*;2024;4937.0;20288.0
188;Costa Rica;1990;417628.0;22922.0
188;Costa Rica;1995;364287.0;22763.0
188;Costa Rica;2000;310946.0;26493.0
188;Costa Rica;2005;358398.0;30258.0
188;Costa Rica;2010;405779.0;34241.0
188;Costa Rica;2015;411697.0;39023.0
188;Costa Rica;2020;520729.0;43504.0
188;Costa Rica;2024;628404.0;50982.0
191;Croatia;1990;475438.0;840829.0
191;Croatia;1995;674085.0;1056934.0
191;Croatia;2000;585298.0;1196319.0
191;Croatia;2005;579273.0;990980.0
191;Croatia;2010;573248.0;847561.0
191;Croatia;2015;561093.0;802347.0
191;Croatia;2020;528056.0;825039.0
191;Croatia;2024;527831.0;826166.0
192;Cuba;1990;34555.0;839585.0
192;Cuba;1995;26187.0;917722.0
192;Cuba;2000;18545.0;1032762.0
192;Cuba;2005;11693.0;1093555.0
192;Cuba;2010;7373.0;1337631.0
192;Cuba;2015;4649.0;1519397.0
192;Cuba;2020;3024.0;1721822.0
192;Cuba;2024;2144.0;1879613.0
196;Cyprus;1990;43805.0;87065.0
196;Cyprus;1995;61941.0;74433.0
196;Cyprus;2000;80076.0;63149.0
196;Cyprus;2005;122849.0;65886.0
196;Cyprus;2010;188472.0;68736.0
196;Cyprus;2015;176693.0;70451.0
196;Cyprus;2020;190366.0;75728.0
196;Cyprus;2024;202062.0;80760.0
203;Czechia;1990;442428.0;532885.0
203;Czechia;1995;531039.0;585124.0
203;Czechia;2000;639018.0;615436.0
203;Czechia;2005;670689.0;650527.0
203;Czechia;2010;692197.0;660378.0
203;Czechia;2015;688047.0;624517.0
203;Czechia;2020;680221.0;584341.0
203;Czechia;2024;1025199.0;583214.0
204;Benin;1990;76751.0;226170.0
204;Benin;1995;105703.0;265968.0
204;Benin;2000;134655.0;321244.0
204;Benin;2005;248320.0;496572.0
204;Benin;2010;309225.0;533981.0
204;Benin;2015;366284.0;628871.0
204;Benin;2020;394276.0;678375.0
204;Benin;2024;418202.0;726530.0
208;Denmark*;1990;235918.0;124563.0
208;Denmark*;1995;298278.0;117007.0
208;Denmark*;2000;372128.0;113952.0
208;Denmark*;2005;423167.0;120534.0
208;Denmark*;2010;509751.0;124567.0
208;Denmark*;2015;616741.0;123297.0
208;Denmark*;2020;718856.0;120852.0
208;Denmark*;2024;847475.0;124665.0
212;Dominica;1990;2519.0;18686.0
212;Dominica;1995;3121.0;20457.0
212;Dominica;2000;3723.0;22406.0
212;Dominica;2005;4744.0;21077.0
212;Dominica;2010;8110.0;20788.0
212;Dominica;2015;8093.0;21079.0
212;Dominica;2020;8284.0;20838.0
212;Dominica;2024;8440.0;21384.0
214;Dominican Republic;1990;291151.0;462285.0
214;Dominican Republic;1995;323381.0;657381.0
214;Dominican Republic;2000;355611.0;845469.0
214;Dominican Republic;2005;375417.0;962450.0
214;Dominican Republic;2010;395479.0;1212240.0
214;Dominican Republic;2015;549289.0;1454378.0
214;Dominican Republic;2020;603794.0;1691232.0
214;Dominican Republic;2024;738667.0;1917153.0
218;Ecuador;1990;139204.0;209258.0
218;Ecuador;1995;145626.0;316260.0
218;Ecuador;2000;150585.0;510456.0
218;Ecuador;2005;144415.0;935700.0
218;Ecuador;2010;358874.0;1122949.0
218;Ecuador;2015;332142.0;1066457.0
218;Ecuador;2020;721560.0;1118570.0
218;Ecuador;2024;747749.0;1243065.0
222;El Salvador;1990;47360.0;955569.0
222;El Salvador;1995;39537.0;1005420.0
222;El Salvador;2000;31713.0;906731.0
222;El Salvador;2005;36029.0;1108043.0
222;El Salvador;2010;40342.0;1359464.0
222;El Salvador;2015;42059.0;1541873.0
222;El Salvador;2020;42767.0;1679667.0
222;El Salvador;2024;43342.0;1834670.0
226;Equatorial Guinea;1990;2740.0;27829.0
226;Equatorial Guinea;1995;3629.0;40029.0
226;Equatorial Guinea;2000;4517.0;57049.0
226;Equatorial Guinea;2005;6588.0;71228.0
226;Equatorial Guinea;2010;8658.0;83286.0
226;Equatorial Guinea;2015;209611.0;116053.0
226;Equatorial Guinea;2020;230618.0;127021.0
226;Equatorial Guinea;2024;248930.0;136825.0
231;Ethiopia;1990;875325.0;1630810.0
231;Ethiopia;1995;478712.0;727374.0
231;Ethiopia;2000;311441.0;418923.0
231;Ethiopia;2005;170773.0;493987.0
231;Ethiopia;2010;227078.0;666181.0
231;Ethiopia;2015;797374.0;896584.0
231;Ethiopia;2020;875170.0;1075343.0
231;Ethiopia;2024;1168455.0;1240645.0
232;Eritrea;1990;11848.0;156294.0
232;Eritrea;1995;12400.0;370422.0
232;Eritrea;2000;12952.0;505394.0
232;Eritrea;2005;15905.0;267114.0
232;Eritrea;2010;15813.0;283312.0
232;Eritrea;2015;15941.0;478597.0
232;Eritrea;2020;13934.0;663275.0
232;Eritrea;2024;12512.0;912792.0
233;Estonia;1990;381997.0;106726.0
233;Estonia;1995;315755.0;108115.0
233;Estonia;2000;249512.0;111603.0
233;Estonia;2005;233701.0;115845.0
233;Estonia;2010;217890.0;116903.0
233;Estonia;2015;194664.0;128194.0
233;Estonia;2020;199277.0;123628.0
233;Estonia;2024;203046.0;124216.0
234;Faroe Islands*;1990;4285.0;7941.0
234;Faroe Islands*;1995;2900.0;12021.0
234;Faroe Islands*;2000;3593.0;11640.0
234;Faroe Islands*;2005;4583.0;11018.0
234;Faroe Islands*;2010;5096.0;12146.0
234;Faroe Islands*;2015;5485.0;13041.0
234;Faroe Islands*;2020;6812.0;12048.0
234;Faroe Islands*;2024;8101.0;12282.0
238;Falkland Islands (Malvinas)*;1990;855.0;1082.0
238;Falkland Islands (Malvinas)*;1995;868.0;1839.0
238;Falkland Islands (Malvinas)*;2000;1067.0;1525.0
238;Falkland Islands (Malvinas)*;2005;1166.0;1100.0
238;Falkland Islands (Malvinas)*;2010;1436.0;414.0
238;Falkland Islands (Malvinas)*;2015;1571.0;193.0
238;Falkland Islands (Malvinas)*;2020;1957.0;106.0
238;Falkland Islands (Malvinas)*;2024;2333.0;93.0
242;Fiji;1990;13283.0;65039.0
242;Fiji;1995;13001.0;78323.0
242;Fiji;2000;12719.0;95570.0
242;Fiji;2005;12434.0;117629.0
242;Fiji;2010;13357.0;138607.0
242;Fiji;2015;13751.0;158026.0
242;Fiji;2020;14087.0;169411.0
242;Fiji;2024;14362.0;181025.0
246;Finland*;1990;63255.0;266717.0
246;Finland*;1995;99729.0;255507.0
246;Finland*;2000;136203.0;247766.0
246;Finland*;2005;192169.0;236417.0
246;Finland*;2010;228481.0;221943.0
246;Finland*;2015;314856.0;209216.0
246;Finland*;2020;386052.0;195782.0
246;Finland*;2024;514432.0;181834.0
250;France*;1990;5890023.0;1413608.0
250;France*;1995;5936326.0;1629553.0
250;France*;2000;6141350.0;1721390.0
250;France*;2005;6839877.0;1855042.0
250;France*;2010;7322210.0;2042164.0
250;France*;2015;7978076.0;2249670.0
250;France*;2020;8610719.0;2400208.0
250;France*;2024;9186757.0;2547158.0
254;French Guiana*;1990;63612.0;3047.0
254;French Guiana*;1995;70131.0;3257.0
254;French Guiana*;2000;76649.0;3554.0
254;French Guiana*;2005;86468.0;3694.0
254;French Guiana*;2010;96288.0;3815.0
254;French Guiana*;2015;106108.0;4106.0
254;French Guiana*;2020;119249.0;4128.0
254;French Guiana*;2024;130924.0;4490.0
258;French Polynesia*;1990;25830.0;3056.0
258;French Polynesia*;1995;28360.0;3544.0
258;French Polynesia*;2000;30329.0;4080.0
258;French Polynesia*;2005;32286.0;2549.0
258;French Polynesia*;2010;31640.0;1312.0
258;French Polynesia*;2015;30058.0;1674.0
258;French Polynesia*;2020;30081.0;1915.0
258;French Polynesia*;2024;30099.0;2008.0
262;Djibouti;1990;122221.0;1963.0
262;Djibouti;1995;99774.0;20005.0
262;Djibouti;2000;100507.0;3751.0
262;Djibouti;2005;92110.0;2421.0
262;Djibouti;2010;102307.0;2577.0
262;Djibouti;2015;112351.0;2537.0
262;Djibouti;2020;119738.0;2866.0
262;Djibouti;2024;125996.0;3576.0
266;Gabon;1990;128188.0;14265.0
266;Gabon;1995;171427.0;16602.0
266;Gabon;2000;214431.0;19695.0
266;Gabon;2005;233824.0;39376.0
266;Gabon;2010;270829.0;36042.0
266;Gabon;2015;378686.0;43401.0
266;Gabon;2020;416651.0;54053.0
266;Gabon;2024;449746.0;61160.0
268;Georgia;1990;304470.0;1057640.0
268;Georgia;1995;152235.0;1031233.0
268;Georgia;2000;76117.0;979681.0
268;Georgia;2005;71296.0;879847.0
268;Georgia;2010;73078.0;780487.0
268;Georgia;2015;76685.0;637894.0
268;Georgia;2020;79368.0;545396.0
268;Georgia;2024;81582.0;496486.0
270;Gambia;1990;118123.0;14218.0
270;Gambia;1995;150890.0;16789.0
270;Gambia;2000;182514.0;19940.0
270;Gambia;2005;181839.0;27073.0
270;Gambia;2010;185837.0;34151.0
270;Gambia;2015;192540.0;38925.0
270;Gambia;2020;215659.0;61390.0
270;Gambia;2024;236137.0;72452.0
275;State of Palestine;1990;288332.0;1824634.0
275;State of Palestine;1995;281767.0;2368382.0
275;State of Palestine;2000;275202.0;2851675.0
275;State of Palestine;2005;274520.0;3445320.0
275;State of Palestine;2010;273840.0;3493678.0
275;State of Palestine;2015;273163.0;3797793.0
275;State of Palestine;2020;272784.0;4072904.0
275;State of Palestine;2024;272481.0;4233248.0
276;Germany;1990;6960112.0;3870620.0
276;Germany;1995;9637208.0;4825017.0
276;Germany;2000;10397459.0;4107120.0
276;Germany;2005;11210590.0;4078804.0
276;Germany;2010;11665950.0;4260810.0
276;Germany;2015;12646813.0;4207460.0
276;Germany;2020;15021300.0;4204441.0
276;Germany;2024;16750084.0;4297233.0
288;Ghana;1990;164851.0;344686.0
288;Ghana;1995;252879.0;361700.0
288;Ghana;2000;191601.0;445447.0
288;Ghana;2005;309932.0;606700.0
288;Ghana;2010;337766.0;718300.0
288;Ghana;2015;414744.0;846131.0
288;Ghana;2020;476412.0;963019.0
288;Ghana;2024;532286.0;1055494.0
292;Gibraltar*;1990;8709.0;477.0
292;Gibraltar*;1995;8381.0;486.0
292;Gibraltar*;2000;8054.0;502.0
292;Gibraltar*;2005;9211.0;510.0
292;Gibraltar*;2010;10369.0;511.0
292;Gibraltar*;2015;11065.0;517.0
292;Gibraltar*;2020;11190.0;494.0
292;Gibraltar*;2024;11291.0;474.0
296;Kiribati;1990;2162.0;3919.0
296;Kiribati;1995;2223.0;3882.0
296;Kiribati;2000;2283.0;3819.0
296;Kiribati;2005;2487.0;3783.0
296;Kiribati;2010;2868.0;3344.0
296;Kiribati;2015;2919.0;4086.0
296;Kiribati;2020;3126.0;5053.0
296;Kiribati;2024;3302.0;6306.0
300;Greece;1990;618139.0;878261.0
300;Greece;1995;857850.0;854601.0
300;Greece;2000;1111665.0;857066.0
300;Greece;2005;1190707.0;768388.0
300;Greece;2010;1321149.0;703538.0
300;Greece;2015;1242924.0;759916.0
300;Greece;2020;1340456.0;775995.0
300;Greece;2024;1423964.0;780112.0
304;Greenland*;1990;9282.0;10313.0
304;Greenland*;1995;7121.0;11442.0
304;Greenland*;2000;6601.0;12905.0
304;Greenland*;2005;6556.0;13706.0
304;Greenland*;2010;6091.0;15437.0
304;Greenland*;2015;6009.0;16944.0
304;Greenland*;2020;5899.0;17726.0
304;Greenland*;2024;5812.0;18491.0
308;Grenada;1990;4263.0;23961.0
308;Grenada;1995;5544.0;23988.0
308;Grenada;2000;6825.0;22073.0
308;Grenada;2005;6902.0;23589.0
308;Grenada;2010;6980.0;21140.0
308;Grenada;2015;7057.0;21750.0
308;Grenada;2020;7213.0;22210.0
308;Grenada;2024;7340.0;26300.0
312;Guadeloupe*;1990;65944.0;7510.0
312;Guadeloupe*;1995;74566.0;8368.0
312;Guadeloupe*;2000;83188.0;9237.0
312;Guadeloupe*;2005;89065.0;8488.0
312;Guadeloupe*;2010;94942.0;10282.0
312;Guadeloupe*;2015;90956.0;11416.0
312;Guadeloupe*;2020;90206.0;11909.0
312;Guadeloupe*;2024;89610.0;12374.0
316;Guam*;1990;69755.0;1539.0
316;Guam*;1995;71912.0;1810.0
316;Guam*;2000;74070.0;2054.0
316;Guam*;2005;74743.0;1751.0
316;Guam*;2010;75416.0;1228.0
316;Guam*;2015;76089.0;1134.0
316;Guam*;2020;80472.0;1155.0
316;Guam*;2024;84159.0;1179.0
320;Guatemala;1990;264257.0;323376.0
320;Guatemala;1995;156188.0;429957.0
320;Guatemala;2000;48119.0;545695.0
320;Guatemala;2005;57214.0;737245.0
320;Guatemala;2010;66386.0;919782.0
320;Guatemala;2015;74852.0;1067787.0
320;Guatemala;2020;84311.0;1282668.0
320;Guatemala;2024;92732.0;1460232.0
324;Guinea;1990;403621.0;334951.0
324;Guinea;1995;774505.0;339388.0
324;Guinea;2000;560075.0;339435.0
324;Guinea;2005;233419.0;345573.0
324;Guinea;2010;178762.0;382773.0
324;Guinea;2015;126657.0;416953.0
324;Guinea;2020;121437.0;473409.0
324;Guinea;2024;117416.0;508203.0
328;Guyana;1990;4095.0;217690.0
328;Guyana;1995;6352.0;244138.0
328;Guyana;2000;8610.0;341369.0
328;Guyana;2005;10868.0;386766.0
328;Guyana;2010;8182.0;404368.0
328;Guyana;2015;8661.0;429943.0
328;Guyana;2020;31169.0;429266.0
328;Guyana;2024;54175.0;469649.0
332;Haiti;1990;19084.0;521381.0
332;Haiti;1995;18129.0;686087.0
332;Haiti;2000;17222.0;821140.0
332;Haiti;2005;16360.0;958254.0
332;Haiti;2010;17182.0;1157011.0
332;Haiti;2015;18047.0;1467970.0
332;Haiti;2020;18884.0;1764699.0
332;Haiti;2024;19581.0;2017692.0
336;Holy See*;1990;726.0;22.0
336;Holy See*;1995;705.0;30.0
336;Holy See*;2000;691.0;41.0
336;Holy See*;2005;659.0;52.0
336;Holy See*;2010;621.0;74.0
336;Holy See*;2015;572.0;128.0
336;Holy See*;2020;528.0;284.0
336;Holy See*;2024;496.0;313.0
340;Honduras;1990;270423.0;157813.0
340;Honduras;1995;149442.0;235452.0
340;Honduras;2000;28461.0;316051.0
340;Honduras;2005;27934.0;456501.0
340;Honduras;2010;27288.0;604765.0
340;Honduras;2015;38330.0;751534.0
340;Honduras;2020;39195.0;1060598.0
340;Honduras;2024;39901.0;1397584.0
344;China, Hong Kong SAR;1990;2218473.0;569282.0
344;China, Hong Kong SAR;1995;2443798.0;682700.0
344;China, Hong Kong SAR;2000;2669122.0;818107.0
344;China, Hong Kong SAR;2005;2721235.0;849440.0
344;China, Hong Kong SAR;2010;2779950.0;903793.0
344;China, Hong Kong SAR;2015;2841113.0;1031087.0
344;China, Hong Kong SAR;2020;2962492.0;1146271.0
344;China, Hong Kong SAR;2024;3063318.0;1240250.0
348;Hungary;1990;347510.0;355019.0
348;Hungary;1995;322234.0;363574.0
348;Hungary;2000;296957.0;359746.0
348;Hungary;2005;366787.0;357651.0
348;Hungary;2010;436616.0;378410.0
348;Hungary;2015;475508.0;469269.0
348;Hungary;2020;584567.0;508918.0
348;Hungary;2024;689565.0;538794.0
352;Iceland;1990;9584.0;6586.0
352;Iceland;1995;12738.0;8745.0
352;Iceland;2000;15892.0;11709.0
352;Iceland;2005;25492.0;13497.0
352;Iceland;2010;35091.0;16404.0
352;Iceland;2015;39072.0;19596.0
352;Iceland;2020;65424.0;20887.0
352;Iceland;2024;98818.0;23326.0
356;India;1990;7212791.0;6575416.0
356;India;1995;6836861.0;6900228.0
356;India;2000;6391543.0;7778792.0
356;India;2005;5954999.0;9500673.0
356;India;2010;5601237.0;12350515.0
356;India;2015;5252296.0;15277263.0
356;India;2020;4929816.0;16532761.0
356;India;2024;4796255.0;18533845.0
360;Indonesia;1990;92058.0;1309876.0
360;Indonesia;1995;114419.0;1664243.0
360;Indonesia;2000;287645.0;2128328.0
360;Indonesia;2005;87508.0;2406449.0
360;Indonesia;2010;113288.0;3031600.0
360;Indonesia;2015;192119.0;3269321.0
360;Indonesia;2020;306702.0;3446736.0
360;Indonesia;2024;445726.0;3745148.0
364;Iran (Islamic Republic of);1990;4291601.0;604892.0
364;Iran (Islamic Republic of);1995;2937668.0;701961.0
364;Iran (Islamic Republic of);2000;2476469.0;835113.0
364;Iran (Islamic Republic of);2005;2552206.0;875530.0
364;Iran (Islamic Republic of);2010;2722397.0;1028854.0
364;Iran (Islamic Republic of);2015;2729939.0;1163612.0
364;Iran (Islamic Republic of);2020;2797235.0;1442650.0
364;Iran (Islamic Republic of);2024;3840654.0;1733468.0
368;Iraq;1990;83638.0;598492.0
368;Iraq;1995;199460.0;647345.0
368;Iraq;2000;210525.0;825369.0
368;Iraq;2005;134863.0;1202149.0
368;Iraq;2010;120466.0;2697913.0
368;Iraq;2015;359352.0;1652951.0
368;Iraq;2020;365766.0;2282773.0
368;Iraq;2024;370980.0;2313028.0
372;Ireland;1990;227783.0;927001.0
372;Ireland;1995;247379.0;905239.0
372;Ireland;2000;376321.0;809826.0
372;Ireland;2005;620579.0;764001.0
372;Ireland;2010;751381.0;765462.0
372;Ireland;2015;802470.0;762324.0
372;Ireland;2020;951686.0;729636.0
372;Ireland;2024;1216237.0;714405.0
376;Israel;1990;1622505.0;263368.0
376;Israel;1995;1781111.0;321435.0
376;Israel;2000;1838155.0;290092.0
376;Israel;2005;1881017.0;297140.0
376;Israel;2010;1953214.0;300419.0
376;Israel;2015;2019891.0;301155.0
376;Israel;2020;2068830.0;312533.0
376;Israel;2024;2091569.0;324804.0
380;Italy;1990;1529367.0;3354372.0
380;Italy;1995;1810642.0;3154012.0
380;Italy;2000;2143259.0;2998648.0
380;Italy;2005;3285903.0;2751018.0
380;Italy;2010;4719233.0;2666862.0
380;Italy;2015;5506199.0;2756727.0
380;Italy;2020;6223851.0;2886481.0
380;Italy;2024;6553671.0;2941444.0
384;Côte d'Ivoire;1990;1822374.0;353717.0
384;Côte d'Ivoire;1995;1992981.0;433736.0
384;Côte d'Ivoire;2000;2157339.0;525165.0
384;Côte d'Ivoire;2005;2308068.0;698103.0
384;Côte d'Ivoire;2010;2458796.0;902169.0
384;Côte d'Ivoire;2015;2609525.0;1025536.0
384;Côte d'Ivoire;2020;2760255.0;1129849.0
384;Côte d'Ivoire;2024;2880839.0;1211422.0
388;Jamaica;1990;20475.0;611422.0
388;Jamaica;1995;22713.0;811937.0
388;Jamaica;2000;24952.0;833377.0
388;Jamaica;2005;24284.0;895828.0
388;Jamaica;2010;23677.0;1005109.0
388;Jamaica;2015;23165.0;1084528.0
388;Jamaica;2020;23629.0;1175941.0
388;Jamaica;2024;24007.0;1248512.0
392;Japan;1990;1050475.0;710783.0
392;Japan;1995;1331094.0;911486.0
392;Japan;2000;1651869.0;846780.0
392;Japan;2005;1976528.0;864518.0
392;Japan;2010;2161780.0;909212.0
392;Japan;2015;2577487.0;943736.0
392;Japan;2020;3289042.0;926826.0
392;Japan;2024;3409529.0;1008173.0
398;Kazakhstan;1990;3289058.0;3178221.0
398;Kazakhstan;1995;2259955.0;3270367.0
398;Kazakhstan;2000;1733374.0;3407178.0
398;Kazakhstan;2005;1845637.0;3648310.0
398;Kazakhstan;2010;1856870.0;3753542.0
398;Kazakhstan;2015;1919920.0;3348874.0
398;Kazakhstan;2020;1990268.0;3029566.0
398;Kazakhstan;2024;2089797.0;2796572.0
400;Jordan;1990;1131529.0;265920.0
400;Jordan;1995;1511664.0;292015.0
400;Jordan;2000;1834160.0;324675.0
400;Jordan;2005;2229368.0;384315.0
400;Jordan;2010;3723368.0;486197.0
400;Jordan;2015;4386976.0;582220.0
400;Jordan;2020;4940142.0;609679.0
400;Jordan;2024;5280168.0;659204.0
404;Kenya;1990;298089.0;238008.0
404;Kenya;1995;618745.0;249228.0
404;Kenya;2000;707852.0;296430.0
404;Kenya;2005;773354.0;346666.0
404;Kenya;2010;954925.0;390142.0
404;Kenya;2015;1126886.0;452369.0
404;Kenya;2020;1050147.0;483045.0
404;Kenya;2024;992536.0;540466.0
408;Dem. People's Republic of Korea;1990;34103.0;31450.0
408;Dem. People's Republic of Korea;1995;35143.0;33120.0
408;Dem. People's Republic of Korea;2000;36183.0;34814.0
408;Dem. People's Republic of Korea;2005;40097.0;39887.0
408;Dem. People's Republic of Korea;2010;44010.0;49563.0
408;Dem. People's Republic of Korea;2015;48458.0;56701.0
408;Dem. People's Republic of Korea;2020;49549.0;50879.0
408;Dem. People's Republic of Korea;2024;50439.0;46379.0
410;Republic of Korea;1990;18499.0;1744465.0
410;Republic of Korea;1995;52719.0;1812749.0
410;Republic of Korea;2000;144426.0;1897540.0
410;Republic of Korea;2005;231744.0;2001950.0
410;Republic of Korea;2010;566098.0;2164782.0
410;Republic of Korea;2015;1312172.0;2162256.0
410;Republic of Korea;2020;1723389.0;2038995.0
410;Republic of Korea;2024;1811507.0;2030473.0
414;Kuwait;1990;1056143.0;64245.0
414;Kuwait;1995;935152.0;70228.0
414;Kuwait;2000;1116932.0;79931.0
414;Kuwait;2005;1353949.0;87761.0
414;Kuwait;2010;1871827.0;117370.0
414;Kuwait;2015;2610785.0;134398.0
414;Kuwait;2020;3030731.0;149927.0
414;Kuwait;2024;3323191.0;167850.0
417;Kyrgyzstan;1990;623083.0;606963.0
417;Kyrgyzstan;1995;518338.0;600786.0
417;Kyrgyzstan;2000;389824.0;590619.0
417;Kyrgyzstan;2005;309399.0;663215.0
417;Kyrgyzstan;2010;232065.0;713989.0
417;Kyrgyzstan;2015;204382.0;641517.0
417;Kyrgyzstan;2020;199011.0;584710.0
417;Kyrgyzstan;2024;194816.0;540573.0
418;Lao People's Democratic Republic;1990;22866.0;311756.0
418;Lao People's Democratic Republic;1995;23526.0;359736.0
418;Lao People's Democratic Republic;2000;21948.0;363370.0
418;Lao People's Democratic Republic;2005;20371.0;471052.0
418;Lao People's Democratic Republic;2010;32955.0;563709.0
418;Lao People's Democratic Republic;2015;45538.0;598860.0
418;Lao People's Democratic Republic;2020;48731.0;609093.0
418;Lao People's Democratic Republic;2024;51446.0;660258.0
422;Lebanon;1990;424488.0;408352.0
422;Lebanon;1995;466437.0;415740.0
422;Lebanon;2000;514836.0;467495.0
422;Lebanon;2005;553850.0;493327.0
422;Lebanon;2010;625884.0;550096.0
422;Lebanon;2015;1763717.0;594974.0
422;Lebanon;2020;1586346.0;631071.0
422;Lebanon;2024;1422583.0;681720.0
426;Lesotho;1990;8240.0;130251.0
426;Lesotho;1995;7204.0;122192.0
426;Lesotho;2000;6167.0;121214.0
426;Lesotho;2005;6290.0;138931.0
426;Lesotho;2010;6414.0;161987.0
426;Lesotho;2015;9152.0;191588.0
426;Lesotho;2020;12060.0;224803.0
426;Lesotho;2024;15039.0;246938.0
428;Latvia;1990;646007.0;181952.0
428;Latvia;1995;538093.0;186182.0
428;Latvia;2000;430178.0;184708.0
428;Latvia;2005;376725.0;183414.0
428;Latvia;2010;313786.0;183282.0
428;Latvia;2015;265418.0;175523.0
428;Latvia;2020;239422.0;166868.0
428;Latvia;2024;220471.0;161014.0
430;Liberia;1990;94964.0;539145.0
430;Liberia;1995;208563.0;562699.0
430;Liberia;2000;151868.0;270603.0
430;Liberia;2005;87217.0;349718.0
430;Liberia;2010;99165.0;186132.0
430;Liberia;2015;112111.0;150490.0
430;Liberia;2020;87947.0;147341.0
430;Liberia;2024;72423.0;145919.0
434;Libya;1990;457075.0;78841.0
434;Libya;1995;508041.0;81041.0
434;Libya;2000;567436.0;80451.0
434;Libya;2005;625412.0;81361.0
434;Libya;2010;687192.0;99826.0
434;Libya;2015;771146.0;119270.0
434;Libya;2020;826537.0;145103.0
434;Libya;2024;897751.0;156874.0
438;Liechtenstein;1990;10906.0;22.0
438;Liechtenstein;1995;13311.0;28.0
438;Liechtenstein;2000;15483.0;52.0
438;Liechtenstein;2005;18898.0;154.0
438;Liechtenstein;2010;22342.0;264.0
438;Liechtenstein;2015;23799.0;293.0
438;Liechtenstein;2020;25877.0;314.0
438;Liechtenstein;2024;27669.0;346.0
440;Lithuania;1990;349258.0;343671.0
440;Lithuania;1995;273587.0;313225.0
440;Lithuania;2000;214311.0;287335.0
440;Lithuania;2005;201209.0;278878.0
440;Lithuania;2010;160772.0;354264.0
440;Lithuania;2015;136021.0;409441.0
440;Lithuania;2020;145184.0;437638.0
440;Lithuania;2024;175194.0;459268.0
442;Luxembourg;1990;113795.0;27725.0
442;Luxembourg;1995;126106.0;29087.0
442;Luxembourg;2000;139750.0;30943.0
442;Luxembourg;2005;150618.0;33941.0
442;Luxembourg;2010;163142.0;36675.0
442;Luxembourg;2015;248888.0;41099.0
442;Luxembourg;2020;298062.0;43235.0
442;Luxembourg;2024;344309.0;61859.0
446;China, Macao SAR;1990;205047.0;73961.0
446;China, Macao SAR;1995;224929.0;79787.0
446;China, Macao SAR;2000;240791.0;86316.0
446;China, Macao SAR;2005;279308.0;93169.0
446;China, Macao SAR;2010;318506.0;101050.0
446;China, Macao SAR;2015;376066.0;116399.0
446;China, Macao SAR;2020;403490.0;139129.0
446;China, Macao SAR;2024;426862.0;149247.0
450;Madagascar;1990;23917.0;82170.0
450;Madagascar;1995;21177.0;98560.0
450;Madagascar;2000;23541.0;119159.0
450;Madagascar;2005;26058.0;143188.0
450;Madagascar;2010;28905.0;156279.0
450;Madagascar;2015;32075.0;175803.0
450;Madagascar;2020;35563.0;196997.0
450;Madagascar;2024;38625.0;212455.0
454;Malawi;1990;1127724.0;138206.0
454;Malawi;1995;241624.0;134253.0
454;Malawi;2000;232620.0;167695.0
454;Malawi;2005;221661.0;216125.0
454;Malawi;2010;217722.0;259343.0
454;Malawi;2015;197328.0;307175.0
454;Malawi;2020;191362.0;372914.0
454;Malawi;2024;186719.0;427573.0
458;Malaysia;1990;1027572.0;663690.0
458;Malaysia;1995;1312828.0;891900.0
458;Malaysia;2000;1613819.0;1165408.0
458;Malaysia;2005;2174308.0;1283218.0
458;Malaysia;2010;3086876.0;1647051.0
458;Malaysia;2015;3513497.0;1916776.0
458;Malaysia;2020;3718696.0;2118942.0
458;Malaysia;2024;3806514.0;2433875.0
462;Maldives;1990;8689.0;1685.0
462;Maldives;1995;18510.0;1092.0
462;Maldives;2000;27092.0;824.0
462;Maldives;2005;45045.0;1432.0
462;Maldives;2010;54659.0;2624.0
462;Maldives;2015;64273.0;2694.0
462;Maldives;2020;70079.0;2703.0
462;Maldives;2024;75099.0;2773.0
466;Mali;1990;160736.0;587626.0
466;Mali;1995;176187.0;743318.0
466;Mali;2000;189475.0;706904.0
466;Mali;2005;258630.0;822077.0
466;Mali;2010;341078.0;897610.0
466;Mali;2015;420504.0;1117148.0
466;Mali;2020;485829.0;1200058.0
466;Mali;2024;545323.0;1292519.0
470;Malta;1990;15077.0;66353.0
470;Malta;1995;17740.0;67484.0
470;Malta;2000;21521.0;64124.0
470;Malta;2005;24560.0;61981.0
470;Malta;2010;33008.0;58858.0
470;Malta;2015;52642.0;54505.0
470;Malta;2020;114760.0;49061.0
470;Malta;2024;199466.0;43940.0
474;Martinique*;1990;38705.0;10837.0
474;Martinique*;1995;46599.0;12302.0
474;Martinique*;2000;54492.0;13801.0
474;Martinique*;2005;57034.0;13941.0
474;Martinique*;2010;59575.0;14145.0
474;Martinique*;2015;69174.0;12097.0
474;Martinique*;2020;68624.0;12498.0
474;Martinique*;2024;68187.0;12893.0
478;Mauritania;1990;111650.0;111270.0
478;Mauritania;1995;89562.0;127054.0
478;Mauritania;2000;57366.0;81064.0
478;Mauritania;2005;58211.0;69192.0
478;Mauritania;2010;84920.0;73350.0
478;Mauritania;2015;166552.0;73527.0
478;Mauritania;2020;182286.0;86409.0
478;Mauritania;2024;195937.0;91705.0
480;Mauritius;1990;3613.0;64202.0
480;Mauritius;1995;7493.0;72122.0
480;Mauritius;2000;15543.0;77904.0
480;Mauritius;2005;19647.0;88522.0
480;Mauritius;2010;24836.0;102296.0
480;Mauritius;2015;28585.0;109779.0
480;Mauritius;2020;28893.0;112089.0
480;Mauritius;2024;29142.0;114314.0
484;Mexico;1990;701513.0;4588874.0
484;Mexico;1995;458051.0;7165639.0
484;Mexico;2000;526172.0;9367663.0
484;Mexico;2005;701803.0;11329536.0
484;Mexico;2010;957593.0;12108928.0
484;Mexico;2015;1088731.0;12184226.0
484;Mexico;2020;1335154.0;11452717.0
484;Mexico;2024;1726089.0;11596529.0
492;Monaco;1990;20359.0;15534.0
492;Monaco;1995;21060.0;15692.0
492;Monaco;2000;21787.0;16367.0
492;Monaco;2005;21312.0;19616.0
492;Monaco;2010;21132.0;26148.0
492;Monaco;2015;25983.0;28636.0
492;Monaco;2020;26601.0;33812.0
492;Monaco;2024;27106.0;36682.0
496;Mongolia;1990;6718.0;71033.0
496;Mongolia;1995;7424.0;79613.0
496;Mongolia;2000;8206.0;88244.0
496;Mongolia;2005;11477.0;98174.0
496;Mongolia;2010;16062.0;114217.0
496;Mongolia;2015;19886.0;124542.0
496;Mongolia;2020;21345.0;153554.0
496;Mongolia;2024;22589.0;175596.0
498;Republic of Moldova*;1990;533397.0;634901.0
498;Republic of Moldova*;1995;365099.0;606003.0
498;Republic of Moldova*;2000;250134.0;563893.0
498;Republic of Moldova*;2005;174263.0;628876.0
498;Republic of Moldova*;2010;132386.0;717352.0
498;Republic of Moldova*;2015;101730.0;745934.0
498;Republic of Moldova*;2020;77291.0;812653.0
498;Republic of Moldova*;2024;188207.0;864257.0
499;Montenegro;1990;73743.0;108639.0
499;Montenegro;1995;73743.0;106877.0
499;Montenegro;2000;73743.0;102948.0
499;Montenegro;2005;73743.0;98615.0
499;Montenegro;2010;78512.0;100961.0
499;Montenegro;2015;71719.0;102965.0
499;Montenegro;2020;70999.0;94731.0
499;Montenegro;2024;92237.0;90678.0
500;Montserrat*;1990;2013.0;2006.0
500;Montserrat*;1995;1612.0;2272.0
500;Montserrat*;2000;1211.0;2575.0
500;Montserrat*;2005;1244.0;2791.0
500;Montserrat*;2010;1291.0;2993.0
500;Montserrat*;2015;1351.0;3134.0
500;Montserrat*;2020;1379.0;3239.0
500;Montserrat*;2024;1402.0;3341.0
504;Morocco;1990;54895.0;1297857.0
504;Morocco;1995;50360.0;1506124.0
504;Morocco;2000;53034.0;1756024.0
504;Morocco;2005;56222.0;2291145.0
504;Morocco;2010;71189.0;2733747.0
504;Morocco;2015;92424.0;2907733.0
504;Morocco;2020;102358.0;3293170.0
504;Morocco;2024;111069.0;3627829.0
508;Mozambique;1990;122332.0;1989048.0
508;Mozambique;1995;168256.0;761443.0
508;Mozambique;2000;195702.0;650229.0
508;Mozambique;2005;268694.0;641039.0
508;Mozambique;2010;306471.0;655516.0
508;Mozambique;2015;321794.0;671672.0
508;Mozambique;2020;338850.0;689058.0
508;Mozambique;2024;353143.0;702796.0
512;Oman;1990;526784.0;10920.0
512;Oman;1995;538639.0;10800.0
512;Oman;2000;550760.0;10898.0
512;Oman;2005;608416.0;13313.0
512;Oman;2010;803387.0;14009.0
512;Oman;2015;1827972.0;15667.0
512;Oman;2020;1766142.0;16877.0
512;Oman;2024;2283366.0;17095.0
516;Namibia;1990;120641.0;45857.0
516;Namibia;1995;115372.0;36999.0
516;Namibia;2000;135547.0;44921.0
516;Namibia;2005;107347.0;47680.0
516;Namibia;2010;103826.0;45530.0
516;Namibia;2015;101618.0;43728.0
516;Namibia;2020;109391.0;42223.0
516;Namibia;2024;116035.0;40371.0
520;Nauru;1990;2815.0;1370.0
520;Nauru;1995;2605.0;1482.0
520;Nauru;2000;2394.0;1565.0
520;Nauru;2005;2253.0;1836.0
520;Nauru;2010;906.0;2092.0
520;Nauru;2015;1833.0;2196.0
520;Nauru;2020;2201.0;2345.0
520;Nauru;2024;2548.0;2484.0
524;Nepal;1990;429974.0;523915.0
524;Nepal;1995;690225.0;602711.0
524;Nepal;2000;717900.0;707896.0
524;Nepal;2005;680729.0;1056250.0
524;Nepal;2010;581889.0;1402556.0
524;Nepal;2015;509471.0;2112726.0
524;Nepal;2020;487564.0;2357848.0
524;Nepal;2024;470719.0;2637195.0
528;Netherlands*;1990;1194306.0;482951.0
528;Netherlands*;1995;1397371.0;500299.0
528;Netherlands*;2000;1584638.0;515256.0
528;Netherlands*;2005;1735632.0;560613.0
528;Netherlands*;2010;1850649.0;597525.0
528;Netherlands*;2015;2024059.0;594329.0
528;Netherlands*;2020;2425521.0;599736.0
528;Netherlands*;2024;2956518.0;631391.0
531;Curaçao*;1990;43150.0;3029.0
531;Curaçao*;1995;43150.0;3779.0
531;Curaçao*;2000;43150.0;4701.0
531;Curaçao*;2005;43150.0;4329.0
531;Curaçao*;2010;34630.0;5354.0
531;Curaçao*;2015;37611.0;5861.0
531;Curaçao*;2020;57210.0;7666.0
531;Curaçao*;2024;80020.0;10103.0
533;Aruba*;1990;14444.0;4564.0
533;Aruba*;1995;22274.0;4844.0
533;Aruba*;2000;30104.0;5433.0
533;Aruba*;2005;32540.0;5447.0
533;Aruba*;2010;34328.0;7117.0
533;Aruba*;2015;36114.0;9011.0
533;Aruba*;2020;53593.0;16628.0
533;Aruba*;2024;73494.0;29305.0
534;Sint Maarten (Dutch part)*;1990;23861.0;1108.0
534;Sint Maarten (Dutch part)*;1995;23861.0;1320.0
534;Sint Maarten (Dutch part)*;2000;23861.0;1594.0
534;Sint Maarten (Dutch part)*;2005;13099.0;1655.0
534;Sint Maarten (Dutch part)*;2010;26203.0;1698.0
534;Sint Maarten (Dutch part)*;2015;27295.0;1793.0
534;Sint Maarten (Dutch part)*;2020;28845.0;1945.0
534;Sint Maarten (Dutch part)*;2024;30148.0;2464.0
535;Bonaire, Sint Eustatius and Saba*;1990;12930.0;2852.0
535;Bonaire, Sint Eustatius and Saba*;1995;13508.0;2947.0
535;Bonaire, Sint Eustatius and Saba*;2000;14233.0;3052.0
535;Bonaire, Sint Eustatius and Saba*;2005;16980.0;3016.0
535;Bonaire, Sint Eustatius and Saba*;2010;20559.0;2883.0
535;Bonaire, Sint Eustatius and Saba*;2015;24610.0;3100.0
535;Bonaire, Sint Eustatius and Saba*;2020;26454.0;3524.0
535;Bonaire, Sint Eustatius and Saba*;2024;30676.0;4744.0
540;New Caledonia*;1990;37673.0;3957.0
540;New Caledonia*;1995;43662.0;4324.0
540;New Caledonia*;2000;49651.0;4675.0
540;New Caledonia*;2005;55405.0;4971.0
540;New Caledonia*;2010;61158.0;5055.0
540;New Caledonia*;2015;68881.0;5112.0
540;New Caledonia*;2020;73141.0;5097.0
540;New Caledonia*;2024;76738.0;5082.0
548;Vanuatu;1990;2308.0;4927.0
548;Vanuatu;1995;2461.0;5656.0
548;Vanuatu;2000;2626.0;6184.0
548;Vanuatu;2005;2800.0;6597.0
548;Vanuatu;2010;2991.0;6898.0
548;Vanuatu;2015;3186.0;5840.0
548;Vanuatu;2020;3257.0;8465.0
548;Vanuatu;2024;3315.0;15202.0
554;New Zealand*;1990;526369.0;329134.0
554;New Zealand*;1995;594911.0;381056.0
554;New Zealand*;2000;685966.0;454340.0
554;New Zealand*;2005;855017.0;518239.0
554;New Zealand*;2010;956982.0;620805.0
554;New Zealand*;2015;1132201.0;675441.0
554;New Zealand*;2020;1343900.0;679479.0
554;New Zealand*;2024;1467989.0;679772.0
558;Nicaragua;1990;41421.0;445757.0
558;Nicaragua;1995;26619.0;487148.0
558;Nicaragua;2000;30389.0;494067.0
558;Nicaragua;2005;34919.0;545324.0
558;Nicaragua;2010;37345.0;609093.0
558;Nicaragua;2015;40261.0;633892.0
558;Nicaragua;2020;42167.0;749552.0
558;Nicaragua;2024;43757.0;905251.0
562;Niger;1990;115464.0;162733.0
562;Niger;1995;145999.0;189413.0
562;Niger;2000;122260.0;219232.0
562;Niger;2005;124509.0;317174.0
562;Niger;2010;126482.0;350773.0
562;Niger;2015;252998.0;390945.0
562;Niger;2020;348056.0;416964.0
562;Niger;2024;449236.0;439378.0
566;Nigeria;1990;456621.0;394107.0
566;Nigeria;1995;462999.0;467021.0
566;Nigeria;2000;487882.0;542140.0
566;Nigeria;2005;969714.0;763991.0
566;Nigeria;2010;990494.0;978678.0
566;Nigeria;2015;1199115.0;1359519.0
566;Nigeria;2020;1308568.0;1768444.0
566;Nigeria;2024;1403281.0;2094265.0
570;Niue*;1990;461.0;5640.0
570;Niue*;1995;480.0;5673.0
570;Niue*;2000;498.0;5870.0
570;Niue*;2005;522.0;5554.0
570;Niue*;2010;589.0;5231.0
570;Niue*;2015;588.0;5059.0
570;Niue*;2020;588.0;4968.0
570;Niue*;2024;588.0;4955.0
578;Norway*;1990;192587.0;88450.0
578;Norway*;1995;233302.0;84525.0
578;Norway*;2000;292440.0;87049.0
578;Norway*;2005;361144.0;94553.0
578;Norway*;2010;524601.0;98853.0
578;Norway*;2015;746375.0;101769.0
578;Norway*;2020;852238.0;110143.0
578;Norway*;2024;1012404.0;120891.0
580;Northern Mariana Islands*;1990;26593.0;2229.0
580;Northern Mariana Islands*;1995;32376.0;2359.0
580;Northern Mariana Islands*;2000;40122.0;2480.0
580;Northern Mariana Islands*;2005;37542.0;2549.0
580;Northern Mariana Islands*;2010;24168.0;2542.0
580;Northern Mariana Islands*;2015;21648.0;2532.0
580;Northern Mariana Islands*;2020;21843.0;2664.0
580;Northern Mariana Islands*;2024;22000.0;2779.0
583;Micronesia (Fed. States of);1990;3685.0;4940.0
583;Micronesia (Fed. States of);1995;3342.0;7116.0
583;Micronesia (Fed. States of);2000;3116.0;9334.0
583;Micronesia (Fed. States of);2005;2905.0;11237.0
583;Micronesia (Fed. States of);2010;2806.0;12464.0
583;Micronesia (Fed. States of);2015;2756.0;12401.0
583;Micronesia (Fed. States of);2020;2832.0;13033.0
583;Micronesia (Fed. States of);2024;2894.0;13568.0
584;Marshall Islands;1990;1158.0;314.0
584;Marshall Islands;1995;1480.0;385.0
584;Marshall Islands;2000;1891.0;468.0
584;Marshall Islands;2005;2417.0;435.0
584;Marshall Islands;2010;3089.0;379.0
584;Marshall Islands;2015;3284.0;379.0
584;Marshall Islands;2020;3298.0;387.0
584;Marshall Islands;2024;3309.0;400.0
585;Palau;1990;2801.0;2951.0
585;Palau;1995;4749.0;2835.0
585;Palau;2000;6310.0;2804.0
585;Palau;2005;6043.0;2816.0
585;Palau;2010;5490.0;2554.0
585;Palau;2015;4937.0;2490.0
585;Palau;2020;5088.0;2582.0
585;Palau;2024;5212.0;2674.0
586;Pakistan;1990;6208204.0;3131865.0
586;Pakistan;1995;3669308.0;3116501.0
586;Pakistan;2000;4181912.0;3272459.0
586;Pakistan;2005;3174558.0;3715061.0
586;Pakistan;2010;3943681.0;4684523.0
586;Pakistan;2015;3506520.0;6190815.0
586;Pakistan;2020;3276580.0;6372467.0
586;Pakistan;2024;4175958.0;6915057.0
591;Panama;1990;62744.0;144087.0
591;Panama;1995;70848.0;131983.0
591;Panama;2000;83410.0;166111.0
591;Panama;2005;109461.0;167840.0
591;Panama;2010;157788.0;173244.0
591;Panama;2015;184710.0;177743.0
591;Panama;2020;313165.0;179794.0
591;Panama;2024;477749.0;194816.0
598;Papua New Guinea;1990;33710.0;26144.0
598;Papua New Guinea;1995;33526.0;27421.0
598;Papua New Guinea;2000;26304.0;26811.0
598;Papua New Guinea;2005;29971.0;27858.0
598;Papua New Guinea;2010;30425.0;30830.0
598;Papua New Guinea;2015;30940.0;34339.0
598;Papua New Guinea;2020;31068.0;34471.0
598;Papua New Guinea;2024;31171.0;35050.0
600;Paraguay;1990;195884.0;321268.0
600;Paraguay;1995;186570.0;341859.0
600;Paraguay;2000;176608.0;364636.0
600;Paraguay;2005;168243.0;476193.0
600;Paraguay;2010;160299.0;681322.0
600;Paraguay;2015;156462.0;674976.0
600;Paraguay;2020;169567.0;708390.0
600;Paraguay;2024;180837.0;746362.0
604;Peru;1990;48985.0;302008.0
604;Peru;1995;56831.0;478308.0
604;Peru;2000;66103.0;634278.0
604;Peru;2005;77195.0;914622.0
604;Peru;2010;102662.0;1231719.0
604;Peru;2015;152562.0;1314688.0
604;Peru;2020;1184762.0;1460493.0
604;Peru;2024;1837219.0;1672482.0
608;Philippines;1990;134600.0;2167140.0
608;Philippines;1995;145980.0;2736078.0
608;Philippines;2000;157361.0;3310102.0
608;Philippines;2005;168741.0;3925727.0
608;Philippines;2010;178147.0;4941994.0
608;Philippines;2015;131897.0;6000348.0
608;Philippines;2020;87212.0;6461086.0
608;Philippines;2024;87212.0;6988383.0
616;Poland;1990;1127393.0;2317607.0
616;Poland;1995;963028.0;2546193.0
616;Poland;2000;822627.0;2502866.0
616;Poland;2005;724887.0;2798776.0
616;Poland;2010;649114.0;3673715.0
616;Poland;2015;683663.0;4154666.0
616;Poland;2020;738099.0;4365879.0
616;Poland;2024;1739901.0;4572613.0
620;Portugal;1990;435782.0;1589830.0
620;Portugal;1995;532822.0;1540545.0
620;Portugal;2000;651472.0;1554095.0
620;Portugal;2005;771184.0;1622764.0
620;Portugal;2010;762825.0;1727839.0
620;Portugal;2015;864814.0;1801647.0
620;Portugal;2020;1001963.0;1729500.0
620;Portugal;2024;1127184.0;1799179.0
624;Guinea-Bissau;1990;15368.0;45577.0
624;Guinea-Bissau;1995;27961.0;57547.0
624;Guinea-Bissau;2000;20450.0;66613.0
624;Guinea-Bissau;2005;20902.0;73544.0
624;Guinea-Bissau;2010;21391.0;78973.0
624;Guinea-Bissau;2015;22333.0;86283.0
624;Guinea-Bissau;2020;17945.0;98064.0
624;Guinea-Bissau;2024;15064.0;103999.0
626;Timor-Leste;1990;8954.0;27505.0
626;Timor-Leste;1995;9743.0;35137.0
626;Timor-Leste;2000;10602.0;188495.0
626;Timor-Leste;2005;11286.0;43229.0
626;Timor-Leste;2010;11540.0;45740.0
626;Timor-Leste;2015;8520.0;64935.0
626;Timor-Leste;2020;8399.0;96759.0
626;Timor-Leste;2024;8303.0;109613.0
630;Puerto Rico*;1990;321909.0;922587.0
630;Puerto Rico*;1995;338067.0;1043769.0
630;Puerto Rico*;2000;355038.0;1181295.0
630;Puerto Rico*;2005;352144.0;1357565.0
630;Puerto Rico*;2010;304969.0;1554887.0
630;Puerto Rico*;2015;280494.0;1708615.0
630;Puerto Rico*;2020;247132.0;1886872.0
630;Puerto Rico*;2024;223323.0;1948223.0
634;Qatar;1990;215508.0;11435.0
634;Qatar;1995;307661.0;11463.0
634;Qatar;2000;439215.0;11605.0
634;Qatar;2005;643000.0;13249.0
634;Qatar;2010;1409000.0;15397.0
634;Qatar;2015;2090000.0;16605.0
634;Qatar;2020;2182000.0;18513.0
634;Qatar;2024;2337000.0;19821.0
638;Réunion;1990;57210.0;3903.0
638;Réunion;1995;77159.0;3639.0
638;Réunion;2000;100678.0;3078.0
638;Réunion;2005;115076.0;2624.0
638;Réunion;2010;123029.0;2425.0
638;Réunion;2015;127209.0;2364.0
638;Réunion;2020;131769.0;2336.0
638;Réunion;2024;135534.0;2357.0
642;Romania;1990;135745.0;957791.0
642;Romania;1995;134970.0;1142520.0
642;Romania;2000;134204.0;1226172.0
642;Romania;2005;139430.0;1960907.0
642;Romania;2010;148107.0;2979844.0
642;Romania;2015;212560.0;3535273.0
642;Romania;2020;338734.0;4191022.0
642;Romania;2024;655579.0;4583819.0
643;Russian Federation;1990;11524948.0;12427364.0
643;Russian Federation;1995;11928927.0;10281407.0
643;Russian Federation;2000;11900297.0;8879470.0
643;Russian Federation;2005;11667588.0;8675250.0
643;Russian Federation;2010;11199727.0;8545806.0
643;Russian Federation;2015;9098229.0;8528582.0
643;Russian Federation;2020;7297611.0;8747396.0
643;Russian Federation;2024;7605774.0;9134094.0
646;Rwanda;1990;160024.0;584280.0
646;Rwanda;1995;215735.0;2109879.0
646;Rwanda;2000;347076.0;346850.0
646;Rwanda;2005;423187.0;293186.0
646;Rwanda;2010;426901.0;334656.0
646;Rwanda;2015;514647.0;496392.0
646;Rwanda;2020;513907.0;486754.0
646;Rwanda;2024;513316.0;539046.0
652;Saint Barthélemy*;1990;0.0;
652;Saint Barthélemy*;1995;0.0;
652;Saint Barthélemy*;2000;0.0;
652;Saint Barthélemy*;2005;0.0;
652;Saint Barthélemy*;2010;0.0;
652;Saint Barthélemy*;2015;0.0;
652;Saint Barthélemy*;2020;0.0;
652;Saint Barthélemy*;2024;0.0;
654;Saint Helena;1990;178.0;152.0
654;Saint Helena;1995;117.0;157.0
654;Saint Helena;2000;108.0;262.0
654;Saint Helena;2005;163.0;267.0
654;Saint Helena;2010;248.0;396.0
654;Saint Helena;2015;377.0;428.0
654;Saint Helena;2020;437.0;506.0
654;Saint Helena;2024;492.0;591.0
659;Saint Kitts and Nevis;1990;3210.0;9854.0
659;Saint Kitts and Nevis;1995;4248.0;10825.0
659;Saint Kitts and Nevis;2000;5871.0;11826.0
659;Saint Kitts and Nevis;2005;6682.0;12011.0
659;Saint Kitts and Nevis;2010;7245.0;11543.0
659;Saint Kitts and Nevis;2015;7443.0;12179.0
659;Saint Kitts and Nevis;2020;7725.0;13154.0
659;Saint Kitts and Nevis;2024;7958.0;13872.0
660;Anguilla*;1990;2570.0;2262.0
660;Anguilla*;1995;3317.0;2205.0
660;Anguilla*;2000;4063.0;2158.0
660;Anguilla*;2005;4684.0;1776.0
660;Anguilla*;2010;5103.0;1719.0
660;Anguilla*;2015;5471.0;1572.0
660;Anguilla*;2020;5715.0;1561.0
660;Anguilla*;2024;5918.0;1614.0
662;Saint Lucia;1990;5305.0;14018.0
662;Saint Lucia;1995;7155.0;15676.0
662;Saint Lucia;2000;9871.0;17419.0
662;Saint Lucia;2005;9839.0;17110.0
662;Saint Lucia;2010;9050.0;17985.0
662;Saint Lucia;2015;8673.0;19620.0
662;Saint Lucia;2020;8338.0;20127.0
662;Saint Lucia;2024;8079.0;21706.0
663;Saint Martin (French part)*;1990;0.0;
663;Saint Martin (French part)*;1995;0.0;
663;Saint Martin (French part)*;2000;0.0;
663;Saint Martin (French part)*;2005;0.0;
663;Saint Martin (French part)*;2010;0.0;
663;Saint Martin (French part)*;2015;0.0;
663;Saint Martin (French part)*;2020;0.0;
663;Saint Martin (French part)*;2024;0.0;
666;Saint Pierre and Miquelon*;1990;1099.0;61.0
666;Saint Pierre and Miquelon*;1995;1320.0;85.0
666;Saint Pierre and Miquelon*;2000;1458.0;112.0
666;Saint Pierre and Miquelon*;2005;1147.0;106.0
666;Saint Pierre and Miquelon*;2010;1017.0;105.0
666;Saint Pierre and Miquelon*;2015;986.0;111.0
666;Saint Pierre and Miquelon*;2020;998.0;122.0
666;Saint Pierre and Miquelon*;2024;1008.0;156.0
670;Saint Vincent and the Grenadines;1990;3970.0;23344.0
670;Saint Vincent and the Grenadines;1995;4135.0;24675.0
670;Saint Vincent and the Grenadines;2000;4307.0;25484.0
670;Saint Vincent and the Grenadines;2005;4436.0;26574.0
670;Saint Vincent and the Grenadines;2010;4569.0;26840.0
670;Saint Vincent and the Grenadines;2015;4637.0;29222.0
670;Saint Vincent and the Grenadines;2020;4738.0;30568.0
670;Saint Vincent and the Grenadines;2024;4820.0;35264.0
674;San Marino;1990;3310.0;2457.0
674;San Marino;1995;3659.0;2382.0
674;San Marino;2000;4045.0;2237.0
674;San Marino;2005;4218.0;2080.0
674;San Marino;2010;4880.0;1954.0
674;San Marino;2015;5195.0;1866.0
674;San Marino;2020;5543.0;2433.0
674;San Marino;2024;5838.0;1991.0
678;Sao Tome and Principe;1990;5582.0;13668.0
678;Sao Tome and Principe;1995;4936.0;18868.0
678;Sao Tome and Principe;2000;4365.0;24414.0
678;Sao Tome and Principe;2005;3433.0;28200.0
678;Sao Tome and Principe;2010;2700.0;29623.0
678;Sao Tome and Principe;2015;2394.0;33671.0
678;Sao Tome and Principe;2020;2139.0;37872.0
678;Sao Tome and Principe;2024;1955.0;41433.0
682;Saudi Arabia;1990;4484868.0;73557.0
682;Saudi Arabia;1995;4853489.0;91112.0
682;Saudi Arabia;2000;5219382.0;113266.0
682;Saudi Arabia;2005;6605114.0;110937.0
682;Saudi Arabia;2010;8976961.0;143733.0
682;Saudi Arabia;2015;13251622.0;159958.0
682;Saudi Arabia;2020;13071258.0;215551.0
682;Saudi Arabia;2024;13683841.0;236699.0
686;Senegal;1990;270410.0;325275.0
686;Senegal;1995;287654.0;318928.0
686;Senegal;2000;231901.0;366397.0
686;Senegal;2005;238298.0;425788.0
686;Senegal;2010;256092.0;498417.0
686;Senegal;2015;266496.0;558252.0
686;Senegal;2020;274929.0;665735.0
686;Senegal;2024;281867.0;741357.0
688;Serbia*;1990;1064614.0;366262.0
688;Serbia*;1995;1543744.0;428537.0
688;Serbia*;2000;1419951.0;476586.0
688;Serbia*;2005;1078633.0;510878.0
688;Serbia*;2010;901044.0;620292.0
688;Serbia*;2015;797595.0;775447.0
688;Serbia*;2020;733091.0;859370.0
688;Serbia*;2024;712550.0;963307.0
690;Seychelles;1990;3721.0;10497.0
690;Seychelles;1995;5148.0;13042.0
690;Seychelles;2000;6574.0;14346.0
690;Seychelles;2005;8997.0;18364.0
690;Seychelles;2010;11420.0;20399.0
690;Seychelles;2015;12791.0;21141.0
690;Seychelles;2020;13050.0;21722.0
690;Seychelles;2024;13261.0;22191.0
694;Sierra Leone;1990;222148.0;42497.0
694;Sierra Leone;1995;98516.0;423611.0
694;Sierra Leone;2000;97974.0;459995.0
694;Sierra Leone;2005;146227.0;89467.0
694;Sierra Leone;2010;79265.0;57946.0
694;Sierra Leone;2015;58830.0;59400.0
694;Sierra Leone;2020;53746.0;64980.0
694;Sierra Leone;2024;49997.0;63631.0
702;Singapore;1990;729377.0;156619.0
702;Singapore;1995;993616.0;170806.0
702;Singapore;2000;1319433.0;186401.0
702;Singapore;2005;1494527.0;206277.0
702;Singapore;2010;2160350.0;231411.0
702;Singapore;2015;2535340.0;254347.0
702;Singapore;2020;2589107.0;264487.0
702;Singapore;2024;2841665.0;269613.0
703;Slovakia;1990;41295.0;322859.0
703;Slovakia;1995;69323.0;335476.0
703;Slovakia;2000;116376.0;352303.0
703;Slovakia;2005;130491.0;370695.0
703;Slovakia;2010;146319.0;399133.0
703;Slovakia;2015;177624.0;400856.0
703;Slovakia;2020;197161.0;394449.0
703;Slovakia;2024;323991.0;389909.0
704;Viet Nam;1990;88560.0;1128520.0
704;Viet Nam;1995;88376.0;1362168.0
704;Viet Nam;2000;86213.0;1805287.0
704;Viet Nam;2005;81997.0;2091843.0
704;Viet Nam;2010;84408.0;2339779.0
704;Viet Nam;2015;101386.0;2719796.0
704;Viet Nam;2020;200639.0;3330404.0
704;Viet Nam;2024;326418.0;3693537.0
705;Slovenia;1990;178077.0;112702.0
705;Slovenia;1995;174419.0;124463.0
705;Slovenia;2000;214508.0;107988.0
705;Slovenia;2005;217218.0;94891.0
705;Slovenia;2010;253786.0;91568.0
705;Slovenia;2015;237616.0;91655.0
705;Slovenia;2020;277964.0;81068.0
705;Slovenia;2024;315122.0;78808.0
706;Somalia;1990;478294.0;599233.0
706;Somalia;1995;19527.0;791721.0
706;Somalia;2000;20097.0;758781.0
706;Somalia;2005;20768.0;756046.0
706;Somalia;2010;48106.0;1237640.0
706;Somalia;2015;40990.0;1719780.0
706;Somalia;2020;58590.0;1701493.0
706;Somalia;2024;77972.0;1935594.0
710;South Africa;1990;1285707.0;295392.0
710;South Africa;1995;1006597.0;357986.0
710;South Africa;2000;997703.0;494645.0
710;South Africa;2005;1513855.0;613772.0
710;South Africa;2010;2274466.0;704402.0
710;South Africa;2015;3162564.0;782819.0
710;South Africa;2020;2639076.0;898203.0
710;South Africa;2024;2631100.0;1005800.0
716;Zimbabwe;1990;634621.0;221449.0
716;Zimbabwe;1995;431226.0;272384.0
716;Zimbabwe;2000;410109.0;321579.0
716;Zimbabwe;2005;402226.0;543425.0
716;Zimbabwe;2010;398307.0;931334.0
716;Zimbabwe;2015;400482.0;1237826.0
716;Zimbabwe;2020;416141.0;1390279.0
716;Zimbabwe;2024;429108.0;1519324.0
724;Spain*;1990;813588.0;1374696.0
724;Spain*;1995;1258176.0;1238438.0
724;Spain*;2000;2023886.0;1177275.0
724;Spain*;2005;4372449.0;1126330.0
724;Spain*;2010;6281193.0;1138608.0
724;Spain*;2015;5892847.0;1307006.0
724;Spain*;2020;7146130.0;1471585.0
724;Spain*;2024;8870527.0;1623550.0
728;South Sudan;1990;652365.0;479199.0
728;South Sudan;1995;652365.0;266027.0
728;South Sudan;2000;652365.0;283331.0
728;South Sudan;2005;652365.0;211198.0
728;South Sudan;2010;230732.0;321713.0
728;South Sudan;2015;844112.0;853845.0
728;South Sudan;2020;882252.0;2374400.0
728;South Sudan;2024;914001.0;3168836.0
729;Sudan;1990;1402896.0;465978.0
729;Sudan;1995;1053396.0;660265.0
729;Sudan;2000;805086.0;743460.0
729;Sudan;2005;546419.0;1119655.0
729;Sudan;2010;618709.0;1194477.0
729;Sudan;2015;620523.0;2209101.0
729;Sudan;2020;1379147.0;2378503.0
729;Sudan;2024;2397113.0;3786603.0
732;Western Sahara;1990;2688.0;168120.0
732;Western Sahara;1995;2989.0;167018.0
732;Western Sahara;2000;3289.0;165927.0
732;Western Sahara;2005;3891.0;131181.0
732;Western Sahara;2010;4493.0;170154.0
732;Western Sahara;2015;5179.0;184784.0
732;Western Sahara;2020;5424.0;193812.0
732;Western Sahara;2024;5628.0;202107.0
740;Suriname;1990;18083.0;201053.0
740;Suriname;1995;22320.0;214997.0
740;Suriname;2000;27506.0;224382.0
740;Suriname;2005;33662.0;240484.0
740;Suriname;2010;39713.0;243661.0
740;Suriname;2015;43127.0;238769.0
740;Suriname;2020;47801.0;250122.0
740;Suriname;2024;51902.0;258026.0
748;Eswatini;1990;74991.0;31331.0
748;Eswatini;1995;35157.0;28204.0
748;Eswatini;2000;34084.0;29821.0
748;Eswatini;2005;33392.0;33323.0
748;Eswatini;2010;32637.0;37292.0
748;Eswatini;2015;32352.0;28381.0
748;Eswatini;2020;32858.0;19033.0
748;Eswatini;2024;33268.0;11561.0
752;Sweden;1990;784283.0;114669.0
752;Sweden;1995;944802.0;121543.0
752;Sweden;2000;1022156.0;139034.0
752;Sweden;2005;1126971.0;153310.0
752;Sweden;2010;1372074.0;177468.0
752;Sweden;2015;1638195.0;190827.0
752;Sweden;2020;2033902.0;200769.0
752;Sweden;2024;2272158.0;223508.0
756;Switzerland;1990;1252320.0;396651.0
756;Switzerland;1995;1363586.0;420665.0
756;Switzerland;2000;1484514.0;440639.0
756;Switzerland;2005;1740312.0;467978.0
756;Switzerland;2010;2053953.0;491884.0
756;Switzerland;2015;2385713.0;499929.0
756;Switzerland;2020;2610189.0;507043.0
756;Switzerland;2024;2773840.0;512547.0
760;Syrian Arab Republic;1990;714140.0;296211.0
760;Syrian Arab Republic;1995;830610.0;342460.0
760;Syrian Arab Republic;2000;834916.0;382108.0
760;Syrian Arab Republic;2005;882398.0;547473.0
760;Syrian Arab Republic;2010;1783595.0;1265925.0
760;Syrian Arab Republic;2015;835716.0;5981460.0
760;Syrian Arab Republic;2020;868711.0;8652202.0
760;Syrian Arab Republic;2024;896042.0;8927523.0
762;Tajikistan;1990;428900.0;552860.0
762;Tajikistan;1995;348347.0;566001.0
762;Tajikistan;2000;299499.0;542408.0
762;Tajikistan;2005;280466.0;574337.0
762;Tajikistan;2010;279808.0;555214.0
762;Tajikistan;2015;275101.0;536498.0
762;Tajikistan;2020;276031.0;517979.0
762;Tajikistan;2024;276777.0;514478.0
764;Thailand;1990;287933.0;298071.0
764;Thailand;1995;271568.0;479776.0
764;Thailand;2000;771234.0;607699.0
764;Thailand;2005;1705845.0;648137.0
764;Thailand;2010;2640454.0;724614.0
764;Thailand;2015;2853248.0;907298.0
764;Thailand;2020;3015007.0;1075834.0
764;Thailand;2024;3179399.0;1178757.0
768;Togo;1990;84844.0;184145.0
768;Togo;1995;101583.0;294188.0
768;Togo;2000;137968.0;253143.0
768;Togo;2005;204219.0;391527.0
768;Togo;2010;255564.0;407152.0
768;Togo;2015;277384.0;489237.0
768;Togo;2020;279936.0;539877.0
768;Togo;2024;281994.0;584790.0
772;Tokelau*;1990;360.0;295.0
772;Tokelau*;1995;506.0;352.0
772;Tokelau*;2000;712.0;441.0
772;Tokelau*;2005;1003.0;576.0
772;Tokelau*;2010;1128.0;703.0
772;Tokelau*;2015;1185.0;779.0
772;Tokelau*;2020;1238.0;714.0
772;Tokelau*;2024;1282.0;688.0
776;Tonga;1990;2911.0;19954.0
776;Tonga;1995;3274.0;23967.0
776;Tonga;2000;3684.0;28245.0
776;Tonga;2005;4301.0;31622.0
776;Tonga;2010;4607.0;34619.0
776;Tonga;2015;3954.0;40233.0
776;Tonga;2020;3742.0;47094.0
776;Tonga;2024;3581.0;53237.0
780;Trinidad and Tobago;1990;50666.0;181630.0
780;Trinidad and Tobago;1995;45994.0;188536.0
780;Trinidad and Tobago;2000;41753.0;281792.0
780;Trinidad and Tobago;2005;44812.0;291912.0
780;Trinidad and Tobago;2010;48226.0;314851.0
780;Trinidad and Tobago;2015;50021.0;323450.0
780;Trinidad and Tobago;2020;78849.0;310552.0
780;Trinidad and Tobago;2024;113478.0;323630.0
784;United Arab Emirates;1990;1302298.0;61137.0
784;United Arab Emirates;1995;1795514.0;74060.0
784;United Arab Emirates;2000;2373577.0;93827.0
784;United Arab Emirates;2005;3218730.0;86261.0
784;United Arab Emirates;2010;5446000.0;108381.0
784;United Arab Emirates;2015;6859000.0;121499.0
784;United Arab Emirates;2020;7184000.0;142981.0
784;United Arab Emirates;2024;8157000.0;166074.0
788;Tunisia;1990;37984.0;453179.0
788;Tunisia;1995;37867.0;466515.0
788;Tunisia;2000;36719.0;482798.0
788;Tunisia;2005;35040.0;526777.0
788;Tunisia;2010;43172.0;569831.0
788;Tunisia;2015;56532.0;619432.0
788;Tunisia;2020;60145.0;674089.0
788;Tunisia;2024;63201.0;715249.0
792;Türkiye;1990;1159415.0;1862302.0
792;Türkiye;1995;1220898.0;2388133.0
792;Türkiye;2000;1279019.0;2673854.0
792;Türkiye;2005;1345188.0;2651430.0
792;Türkiye;2010;1420433.0;2709646.0
792;Türkiye;2015;3750982.0;2727575.0
792;Türkiye;2020;6580295.0;2837815.0
792;Türkiye;2024;7083501.0;3130337.0
795;Turkmenistan;1990;306500.0;293445.0
795;Turkmenistan;1995;273565.0;303119.0
795;Turkmenistan;2000;219067.0;320900.0
795;Turkmenistan;2005;213053.0;335113.0
795;Turkmenistan;2010;197979.0;342391.0
795;Turkmenistan;2015;196376.0;317031.0
795;Turkmenistan;2020;194920.0;384184.0
795;Turkmenistan;2024;193763.0;365787.0
796;Turks and Caicos Islands*;1990;5062.0;2246.0
796;Turks and Caicos Islands*;1995;7039.0;1431.0
796;Turks and Caicos Islands*;2000;9015.0;595.0
796;Turks and Caicos Islands*;2005;13115.0;1039.0
796;Turks and Caicos Islands*;2010;17216.0;2009.0
796;Turks and Caicos Islands*;2015;22723.0;2251.0
796;Turks and Caicos Islands*;2020;25748.0;2470.0
796;Turks and Caicos Islands*;2024;28455.0;2663.0
798;Tuvalu;1990;318.0;1265.0
798;Tuvalu;1995;263.0;1283.0
798;Tuvalu;2000;218.0;1334.0
798;Tuvalu;2005;209.0;1300.0
798;Tuvalu;2010;220.0;1035.0
798;Tuvalu;2015;230.0;1094.0
798;Tuvalu;2020;239.0;1164.0
798;Tuvalu;2024;246.0;1239.0
800;Uganda;1990;560570.0;247275.0
800;Uganda;1995;666211.0;294857.0
800;Uganda;2000;624296.0;446491.0
800;Uganda;2005;637596.0;477529.0
800;Uganda;2010;515055.0;582479.0
800;Uganda;2015;823181.0;619064.0
800;Uganda;2020;1776038.0;586241.0
800;Uganda;2024;2057759.0;578034.0
804;Ukraine*;1990;6892920.0;5528990.0
804;Ukraine*;1995;6172338.0;5507530.0
804;Ukraine*;2000;5527087.0;5483590.0
804;Ukraine*;2005;5050302.0;5401295.0
804;Ukraine*;2010;4818767.0;5179224.0
804;Ukraine*;2015;4915142.0;4644011.0
804;Ukraine*;2020;4997387.0;4353031.0
804;Ukraine*;2024;5064173.0;9769216.0
807;North Macedonia;1990;95142.0;398374.0
807;North Macedonia;1995;109343.0;411470.0
807;North Macedonia;2000;125665.0;424184.0
807;North Macedonia;2005;127667.0;428969.0
807;North Macedonia;2010;129701.0;430535.0
807;North Macedonia;2015;130730.0;437223.0
807;North Macedonia;2020;131311.0;485263.0
807;North Macedonia;2024;150902.0;534616.0
818;Egypt;1990;144713.0;1630728.0
818;Egypt;1995;160802.0;1750423.0
818;Egypt;2000;179364.0;1921183.0
818;Egypt;2005;288944.0;2371080.0
818;Egypt;2010;323177.0;3213308.0
818;Egypt;2015;499292.0;4193177.0
818;Egypt;2020;602472.0;4454277.0
818;Egypt;2024;1139820.0;4820002.0
826;United Kingdom*;1990;3664896.0;3869251.0
826;United Kingdom*;1995;4173053.0;3958015.0
826;United Kingdom*;2000;4747902.0;3965079.0
826;United Kingdom*;2005;5989992.0;4236414.0
826;United Kingdom*;2010;7713303.0;4535077.0
826;United Kingdom*;2015;9071431.0;4583485.0
826;United Kingdom*;2020;10520870.0;4710579.0
826;United Kingdom*;2024;11845479.0;4804944.0
830;Channel Islands*;1990;61660.0;285.0
830;Channel Islands*;1995;60519.0;279.0
830;Channel Islands*;2000;64301.0;312.0
830;Channel Islands*;2005;70941.0;306.0
830;Channel Islands*;2010;77581.0;381.0
830;Channel Islands*;2015;82307.0;297.0
830;Channel Islands*;2020;84087.0;320.0
830;Channel Islands*;2024;85539.0;351.0
833;Isle of Man*;1990;34769.0;699.0
833;Isle of Man*;1995;36886.0;724.0
833;Isle of Man*;2000;39002.0;720.0
833;Isle of Man*;2005;41475.0;769.0
833;Isle of Man*;2010;43447.0;889.0
833;Isle of Man*;2015;42238.0;838.0
833;Isle of Man*;2020;43040.0;920.0
833;Isle of Man*;2024;43693.0;908.0
834;United Republic of Tanzania;1990;574025.0;194717.0
834;United Republic of Tanzania;1995;1106043.0;210718.0
834;United Republic of Tanzania;2000;949600.0;192774.0
834;United Republic of Tanzania;2005;771153.0;202455.0
834;United Republic of Tanzania;2010;309847.0;208185.0
834;United Republic of Tanzania;2015;384567.0;221603.0
834;United Republic of Tanzania;2020;426017.0;219530.0
834;United Republic of Tanzania;2024;462371.0;225017.0
840;United States of America*;1990;23266147.0;1725058.0
840;United States of America*;1995;28525723.0;1860615.0
840;United States of America*;2000;34806848.0;2017599.0
840;United States of America*;2005;39545828.0;2320398.0
840;United States of America*;2010;43947211.0;2774899.0
840;United States of America*;2015;47942986.0;2968434.0
840;United States of America*;2020;50471028.0;3082359.0
840;United States of America*;2024;52375047.0;3186999.0
850;United States Virgin Islands*;1990;51970.0;2348.0
850;United States Virgin Islands*;1995;54241.0;3012.0
850;United States Virgin Islands*;2000;56611.0;3728.0
850;United States Virgin Islands*;2005;56647.0;3474.0
850;United States Virgin Islands*;2010;56684.0;3555.0
850;United States Virgin Islands*;2015;56721.0;3795.0
850;United States Virgin Islands*;2020;56753.0;3840.0
850;United States Virgin Islands*;2024;56779.0;4047.0
854;Burkina Faso;1990;349652.0;1015890.0
854;Burkina Faso;1995;464104.0;1152082.0
854;Burkina Faso;2000;520363.0;1297567.0
854;Burkina Faso;2005;597658.0;1443306.0
854;Burkina Faso;2010;674438.0;1601296.0
854;Burkina Faso;2015;704676.0;1759971.0
854;Burkina Faso;2020;723989.0;1919400.0
854;Burkina Faso;2024;739820.0;2050050.0
858;Uruguay;1990;98116.0;178551.0
858;Uruguay;1995;93428.0;186030.0
858;Uruguay;2000;88874.0;202378.0
858;Uruguay;2005;82317.0;256391.0
858;Uruguay;2010;76303.0;272665.0
858;Uruguay;2015;78799.0;256293.0
858;Uruguay;2020;108267.0;259028.0
858;Uruguay;2024;160064.0;263285.0
860;Uzbekistan;1990;1653000.0;1449406.0
860;Uzbekistan;1995;1512577.0;1655021.0
860;Uzbekistan;2000;1406498.0;1813688.0
860;Uzbekistan;2005;1329932.0;1946322.0
860;Uzbekistan;2010;1220149.0;2073283.0
860;Uzbekistan;2015;1170873.0;2061736.0
860;Uzbekistan;2020;1162007.0;2092741.0
860;Uzbekistan;2024;1154963.0;2114480.0
862;Venezuela (Bolivarian Republic of);1990;1025009.0;216183.0
862;Venezuela (Bolivarian Republic of);1995;1019996.0;248789.0
862;Venezuela (Bolivarian Republic of);2000;1013738.0;338356.0
862;Venezuela (Bolivarian Republic of);2005;1076474.0;451384.0
862;Venezuela (Bolivarian Republic of);2010;1347347.0;550930.0
862;Venezuela (Bolivarian Republic of);2015;1404448.0;760196.0
862;Venezuela (Bolivarian Republic of);2020;1324193.0;5477198.0
862;Venezuela (Bolivarian Republic of);2024;1263304.0;8328514.0
876;Wallis and Futuna Islands*;1990;1402.0;6650.0
876;Wallis and Futuna Islands*;1995;1704.0;7067.0
876;Wallis and Futuna Islands*;2000;2015.0;7532.0
876;Wallis and Futuna Islands*;2005;2191.0;7617.0
876;Wallis and Futuna Islands*;2010;2111.0;7724.0
876;Wallis and Futuna Islands*;2015;2050.0;11527.0
876;Wallis and Futuna Islands*;2020;2040.0;12231.0
876;Wallis and Futuna Islands*;2024;2032.0;12822.0
882;Samoa;1990;3357.0;64643.0
882;Samoa;1995;4694.0;69079.0
882;Samoa;2000;5998.0;77905.0
882;Samoa;2005;5746.0;84416.0
882;Samoa;2010;5122.0;88359.0
882;Samoa;2015;4255.0;97923.0
882;Samoa;2020;4021.0;109124.0
882;Samoa;2024;3843.0;119313.0
887;Yemen;1990;118863.0;388323.0
887;Yemen;1995;136515.0;490575.0
887;Yemen;2000;144940.0;533500.0
887;Yemen;2005;171871.0;668381.0
887;Yemen;2010;288394.0;1199914.0
887;Yemen;2015;379882.0;2169838.0
887;Yemen;2020;387113.0;2240104.0
887;Yemen;2024;392997.0;2480734.0
894;Zambia;1990;279463.0;73861.0
894;Zambia;1995;244338.0;116003.0
894;Zambia;2000;343703.0;125019.0
894;Zambia;2005;252895.0;133582.0
894;Zambia;2010;149962.0;134473.0
894;Zambia;2015;132107.0;128590.0
894;Zambia;2020;187955.0;122981.0
894;Zambia;2024;249205.0;122793.0
900;World;1990;153916063.0;153916063.0
900;World;1995;163176002.0;163176002.0
900;World;2000;174566152.0;174566152.0
900;World;2005;192788721.0;192788721.0
900;World;2010;221020392.0;221020392.0
900;World;2015;250042020.0;250042020.0
900;World;2020;275284032.0;275284032.0
900;World;2024;304021813.0;304021813.0
901;More developed regions;1990;84576547.0;52957819.0
901;More developed regions;1995;96002830.0;53730565.0
901;More developed regions;2000;106270516.0;51928225.0
901;More developed regions;2005;119164163.0;53170795.0
901;More developed regions;2010;132515657.0;56421274.0
901;More developed regions;2015;142172964.0;58075237.0
901;More developed regions;2020;154040280.0;59929194.0
901;More developed regions;2024;168248302.0;67653956.0
902;Less developed regions;1990;69339516.0;87886589.0
902;Less developed regions;1995;67173172.0;95824708.0
902;Less developed regions;2000;68295636.0;106846557.0
902;Less developed regions;2005;73624558.0;121964408.0
902;Less developed regions;2010;88504735.0;145569003.0
902;Less developed regions;2015;107869056.0;170304638.0
902;Less developed regions;2020;121243752.0;192800975.0
902;Less developed regions;2024;135773511.0;214302243.0
903;AFRICA;1990;16176915.0;19677870.0
903;AFRICA;1995;16653698.0;21240099.0
903;AFRICA;2000;15413140.0;21162547.0
903;AFRICA;2005;16602802.0;24080357.0
903;AFRICA;2010;17752216.0;27829220.0
903;AFRICA;2015;22683929.0;34659532.0
903;AFRICA;2020;25267356.0;40006733.0
903;AFRICA;2024;29180440.0;45750673.0
904;LATIN AMERICA AND THE CARIBBEAN;1990;7253323.0;14438417.0
904;LATIN AMERICA AND THE CARIBBEAN;1995;6728705.0;18875340.0
904;LATIN AMERICA AND THE CARIBBEAN;2000;6589509.0;23244130.0
904;LATIN AMERICA AND THE CARIBBEAN;2005;7111817.0;28524869.0
904;LATIN AMERICA AND THE CARIBBEAN;2010;8275866.0;32980368.0
904;LATIN AMERICA AND THE CARIBBEAN;2015;9109959.0;34988655.0
904;LATIN AMERICA AND THE CARIBBEAN;2020;14287765.0;42128506.0
904;LATIN AMERICA AND THE CARIBBEAN;2024;17510527.0;48269815.0
905;NORTHERN AMERICA;1990;27543267.0;2850358.0
905;NORTHERN AMERICA;1995;33404578.0;3146192.0
905;NORTHERN AMERICA;2000;40357995.0;3279199.0
905;NORTHERN AMERICA;2005;45658615.0;3590846.0
905;NORTHERN AMERICA;2010;51007867.0;4046448.0
905;NORTHERN AMERICA;2015;56019067.0;4294317.0
905;NORTHERN AMERICA;2020;58830556.0;4411379.0
905;NORTHERN AMERICA;2024;61207877.0;4554127.0
906;Eastern Asia;1990;4118088.0;7580664.0
906;Eastern Asia;1995;4952397.0;8705066.0
906;Eastern Asia;2000;5921878.0;10033956.0
906;Eastern Asia;2005;6662116.0;11485152.0
906;Eastern Asia;2010;7484060.0;13738877.0
906;Eastern Asia;2015;9237513.0;15593781.0
906;Eastern Asia;2020;10919614.0;16436131.0
906;Eastern Asia;2024;11559387.0;17184244.0
908;EUROPE;1990;51464935.0;48816635.0
908;EUROPE;1995;56456601.0;49011046.0
908;EUROPE;2000;59184839.0;47036377.0
908;EUROPE;2005;65793082.0;47859866.0
908;EUROPE;2010;72509226.0;50482631.0
908;EUROPE;2015;75711153.0;51758410.0
908;EUROPE;2020;82971932.0;53490838.0
908;EUROPE;2024;94051503.0;60981166.0
909;OCEANIA;1990;4776548.0;819761.0
909;OCEANIA;1995;5091137.0;929288.0
909;OCEANIA;2000;5372431.0;1071329.0
909;OCEANIA;2005;6041977.0;1195774.0
909;OCEANIA;2010;7134959.0;1353618.0
909;OCEANIA;2015;8168067.0;1492055.0
909;OCEANIA;2020;9261819.0;1549157.0
909;OCEANIA;2024;9901164.0;1602503.0
910;Eastern Africa;1990;6347780.0;7092040.0
910;Eastern Africa;1995;5361041.0;7113173.0
910;Eastern Africa;2000;5239557.0;5613465.0
910;Eastern Africa;2005;5141624.0;5591977.0
910;Eastern Africa;2010;4424112.0;6697584.0
910;Eastern Africa;2015;6304660.0;9034394.0
910;Eastern Africa;2020;7528179.0;11321072.0
910;Eastern Africa;2024;8302733.0;13218873.0
911;Middle Africa;1990;1461155.0;1771850.0
911;Middle Africa;1995;2662490.0;1690429.0
911;Middle Africa;2000;1775284.0;2267420.0
911;Middle Africa;2005;1961951.0;2544029.0
911;Middle Africa;2010;2436802.0;2775253.0
911;Middle Africa;2015;3479911.0;3546465.0
911;Middle Africa;2020;3861568.0;4264915.0
911;Middle Africa;2024;4854994.0;4792635.0
912;Northern Africa;1990;2374205.0;5553208.0
912;Northern Africa;1995;2075487.0;6056357.0
912;Northern Africa;2000;1895038.0;6577634.0
912;Northern Africa;2005;1753656.0;8075940.0
912;Northern Africa;2010;1965200.0;9585925.0
912;Northern Africa;2015;2284569.0;11895930.0
912;Northern Africa;2020;3226461.0;12871776.0
912;Northern Africa;2024;4874040.0;15089063.0
913;Southern Africa;1990;1517089.0;526813.0
913;Southern Africa;1995;1204498.0;562868.0
913;Southern Africa;2000;1248435.0;712756.0
913;Southern Africa;2005;1745545.0;855864.0
913;Southern Africa;2010;2512206.0;969080.0
913;Southern Africa;2015;3408739.0;1064677.0
913;Southern Africa;2020;2903653.0;1201659.0
913;Southern Africa;2024;2911844.0;1321401.0
914;Western Africa;1990;4476686.0;4733959.0
914;Western Africa;1995;5350182.0;5817272.0
914;Western Africa;2000;5254826.0;5991272.0
914;Western Africa;2005;6000026.0;7012547.0
914;Western Africa;2010;6413896.0;7801378.0
914;Western Africa;2015;7206050.0;9118066.0
914;Western Africa;2020;7747495.0;10347311.0
914;Western Africa;2024;8236829.0;11328701.0
915;Caribbean;1990;1098014.0;3701573.0
915;Caribbean;1995;1186981.0;4478041.0
915;Caribbean;2000;1283729.0;5176801.0
915;Caribbean;2005;1321462.0;5740662.0
915;Caribbean;2010;1338511.0;6767416.0
915;Caribbean;2015;1501120.0;7756792.0
915;Caribbean;2020;1605381.0;8763992.0
915;Caribbean;2024;1811926.0;9578534.0
916;Central America;1990;1835750.0;6641926.0
916;Central America;1995;1298418.0;9481989.0
916;Central America;2000;1095698.0;11826660.0
916;Central America;2005;1367196.0;14379127.0
916;Central America;2010;1738911.0;15814764.0
916;Central America;2015;1935255.0;16402048.0
916;Central America;2020;2439531.0;16455194.0
916;Central America;2024;3120680.0;17447447.0
920;South-Eastern Asia;1990;2637040.0;6884845.0
920;South-Eastern Asia;1995;3250697.0;8557750.0
920;South-Eastern Asia;2000;4608647.0;10788055.0
920;South-Eastern Asia;2005;6040145.0;12830697.0
920;South-Eastern Asia;2010;8567047.0;16314789.0
920;South-Eastern Asia;2015;9631549.0;18969075.0
920;South-Eastern Asia;2020;10242239.0;21787389.0
920;South-Eastern Asia;2024;11029593.0;24224991.0
922;Western Asia;1990;14489476.0;9432901.0
922;Western Asia;1995;16497765.0;11159862.0
922;Western Asia;2000;18138496.0;12150630.0
922;Western Asia;2005;21262754.0;13122062.0
922;Western Asia;2010;30063216.0;15843567.0
922;Western Asia;2015;41799209.0;20612157.0
922;Western Asia;2020;45765868.0;24325077.0
922;Western Asia;2024;49211670.0;25440263.0
923;Eastern Europe;1990;22316123.0;25443190.0
923;Eastern Europe;1995;21705675.0;23709242.0
923;Eastern Europe;2000;20853646.0;22290370.0
923;Eastern Europe;2005;20092493.0;23114441.0
923;Eastern Europe;2010;19389898.0;24770817.0
923;Eastern Europe;2015;17559211.0;25213204.0
923;Eastern Europe;2020;16162524.0;26055890.0
923;Eastern Europe;2024;18646093.0;32478382.0
924;Northern Europe;1990;6656282.0;6038511.0
924;Northern Europe;1995;7237021.0;6071127.0
924;Northern Europe;2000;7963939.0;5970733.0
924;Northern Europe;2005;9668148.0;6208956.0
924;Northern Europe;2010;11953254.0;6607639.0
924;Northern Europe;2015;13955273.0;6717848.0
924;Northern Europe;2020;16246850.0;6830070.0
924;Northern Europe;2024;18543047.0;6951612.0
925;Southern Europe;1990;5472616.0;10381163.0
925;Southern Europe;1995;7250345.0;11086187.0
925;Southern Europe;2000;8585552.0;11216178.0
925;Southern Europe;2005;11897749.0;10737085.0
925;Southern Europe;2010;15213351.0;10833950.0
925;Southern Europe;2015;15507903.0;11356238.0
925;Southern Europe;2020;17716268.0;11909456.0
925;Southern Europe;2024;20119984.0;12511512.0
926;Western Europe;1990;17019914.0;6953771.0
926;Western Europe;1995;20263560.0;8144490.0
926;Western Europe;2000;21781702.0;7559096.0
926;Western Europe;2005;24134692.0;7799384.0
926;Western Europe;2010;25952723.0;8270225.0
926;Western Europe;2015;28688766.0;8471120.0
926;Western Europe;2020;32846290.0;8695422.0
926;Western Europe;2024;36742379.0;9039660.0
927;Australia/New Zealand;1990;4517870.0;580043.0
927;Australia/New Zealand;1995;4810557.0;661841.0
927;Australia/New Zealand;2000;5075813.0;765869.0
927;Australia/New Zealand;2005;5735938.0;855565.0
927;Australia/New Zealand;2010;6836784.0;982983.0
927;Australia/New Zealand;2015;7865257.0;1078774.0
927;Australia/New Zealand;2020;8948750.0;1100151.0
927;Australia/New Zealand;2024;9579393.0;1110490.0
928;Melanesia;1990;91200.0;102238.0
928;Melanesia;1995;96828.0;118072.0
928;Melanesia;2000;95281.0;135638.0
928;Melanesia;2005;103881.0;159726.0
928;Melanesia;2010;110691.0;184414.0
928;Melanesia;2015;119343.0;206764.0
928;Melanesia;2020;124073.0;221491.0
928;Melanesia;2024;128055.0;244711.0
931;South America;1990;4319559.0;4094918.0
931;South America;1995;4243306.0;4915310.0
931;South America;2000;4210082.0;6240669.0
931;South America;2005;4423159.0;8405080.0
931;South America;2010;5198444.0;10398188.0
931;South America;2015;5673584.0;10829815.0
931;South America;2020;10242853.0;16909320.0
931;South America;2024;12577921.0;21243834.0
934;Less developed regions, excluding least developed countries;1990;57916813.0;60451580.0
934;Less developed regions, excluding least developed countries;1995;55138431.0;70246040.0
934;Less developed regions, excluding least developed countries;2000;57874013.0;81303341.0
934;Less developed regions, excluding least developed countries;2005;63522651.0;95147134.0
934;Less developed regions, excluding least developed countries;2010;78443815.0;113176827.0
934;Less developed regions, excluding least developed countries;2015;94875495.0;129340408.0
934;Less developed regions, excluding least developed countries;2020;105270518.0;145802680.0
934;Less developed regions, excluding least developed countries;2024;116154050.0;159224430.0
935;ASIA;1990;46701075.0;54241367.0
935;ASIA;1995;44841283.0;56353308.0
935;ASIA;2000;47648238.0;62981200.0
935;ASIA;2005;51580428.0;69883491.0
935;ASIA;2010;64340258.0;85297992.0
935;ASIA;2015;78349845.0;101186906.0
935;ASIA;2020;84664604.0;111143556.0
935;ASIA;2024;92170302.0;120797915.0
941;Least developed countries;1990;11422703.0;27435009.0
941;Least developed countries;1995;12034741.0;25578668.0
941;Least developed countries;2000;10421623.0;25543216.0
941;Least developed countries;2005;10101907.0;26817274.0
941;Least developed countries;2010;10060920.0;32392176.0
941;Least developed countries;2015;12993561.0;40964230.0
941;Least developed countries;2020;15973234.0;46998295.0
941;Least developed countries;2024;19619461.0;55077813.0
948;Less developed regions, excluding China;1990;66331223.0;82863656.0
948;Less developed regions, excluding China;1995;63647155.0;89956610.0
948;Less developed regions, excluding China;2000;64214442.0;99679979.0
948;Less developed regions, excluding China;2005;69222288.0;113483785.0
948;Less developed regions, excluding China;2010;83808625.0;135067900.0
948;Less developed regions, excluding China;2015;102589546.0;157998092.0
948;Less developed regions, excluding China;2020;115407463.0;179535098.0
948;Less developed regions, excluding China;2024;129508188.0;200378620.0
954;Micronesia;1990;108969.0;17262.0
954;Micronesia;1995;118687.0;19869.0
954;Micronesia;2000;130186.0;22524.0
954;Micronesia;2005;128390.0;24407.0
954;Micronesia;2010;114743.0;24603.0
954;Micronesia;2015;113466.0;25218.0
954;Micronesia;2020;118860.0;27219.0
954;Micronesia;2024;123424.0;29390.0
957;Polynesia*;1990;58509.0;120218.0
957;Polynesia*;1995;65065.0;129506.0
957;Polynesia*;2000;71151.0;147298.0
957;Polynesia*;2005;73768.0;156076.0
957;Polynesia*;2010;72741.0;161618.0
957;Polynesia*;2015;70001.0;181299.0
957;Polynesia*;2020;70136.0;200296.0
957;Polynesia*;2024;70292.0;217912.0
1500;Low-income countries;1990;8730266.0;18260226.0
1500;Low-income countries;1995;8238108.0;15940023.0
1500;Low-income countries;2000;6838373.0;15073902.0
1500;Low-income countries;2005;7050629.0;15356761.0
1500;Low-income countries;2010;7985909.0;18849423.0
1500;Low-income countries;2015;9509682.0;28710928.0
1500;Low-income countries;2020;11661069.0;35117582.0
1500;Low-income countries;2024;14383617.0;41112765.0
1501;Lower-middle-income countries;1990;37398168.0;40399373.0
1501;Lower-middle-income countries;1995;34001389.0;43074164.0
1501;Lower-middle-income countries;2000;33041803.0;47390337.0
1501;Lower-middle-income countries;2005;31934231.0;54488171.0
1501;Lower-middle-income countries;2010;34223322.0;65635432.0
1501;Lower-middle-income countries;2015;36763723.0;77230603.0
1501;Lower-middle-income countries;2020;38126801.0;84465042.0
1501;Lower-middle-income countries;2024;42119081.0;98248121.0
1502;Upper-middle-income countries;1990;29709448.0;46231104.0
1502;Upper-middle-income countries;1995;29469488.0;51938081.0
1502;Upper-middle-income countries;2000;29596235.0;57307181.0
1502;Upper-middle-income countries;2005;30996867.0;64222196.0
1502;Upper-middle-income countries;2010;33657677.0;72320683.0
1502;Upper-middle-income countries;2015;36700080.0;74439438.0
1502;Upper-middle-income countries;2020;42171211.0;78523298.0
1502;Upper-middle-income countries;2024;47028685.0;83119977.0
1503;High-income countries;1990;76960458.0;35523301.0
1503;High-income countries;1995;90343963.0;38139372.0
1503;High-income countries;2000;103962143.0;38446678.0
1503;High-income countries;2005;121605675.0;40433979.0
1503;High-income countries;2010;143669847.0;44410942.0
1503;High-income countries;2015;165526009.0;46996032.0
1503;High-income countries;2020;181860213.0;48894061.0
1503;High-income countries;2024;199081732.0;50882892.0
1517;Middle-income countries;1990;67107616.0;86630477.0
1517;Middle-income countries;1995;63470877.0;95012245.0
1517;Middle-income countries;2000;62638038.0;104697518.0
1517;Middle-income countries;2005;62931098.0;118710367.0
1517;Middle-income countries;2010;67880999.0;137956115.0
1517;Middle-income countries;2015;73463803.0;151670041.0
1517;Middle-income countries;2020;80298012.0;162988340.0
1517;Middle-income countries;2024;89147766.0;181368098.0
1518;No income group available;1990;1051779.0;422894.0
1518;No income group available;1995;1048488.0;455265.0
1518;No income group available;2000;1044410.0;547447.0
1518;No income group available;2005;1112254.0;625608.0
1518;No income group available;2010;1388695.0;763515.0
1518;No income group available;2015;1451570.0;991458.0
1518;No income group available;2020;1374532.0;5718277.0
1518;No income group available;2024;1319088.0;8580070.0
1636;Land-locked Developing Countries (LLDC);1990;14076862.0;24230881.0
1636;Land-locked Developing Countries (LLDC);1995;11932094.0;22746786.0
1636;Land-locked Developing Countries (LLDC);2000;10884070.0;22106881.0
1636;Land-locked Developing Countries (LLDC);2005;10682465.0;23055686.0
1636;Land-locked Developing Countries (LLDC);2010;9776704.0;26019291.0
1636;Land-locked Developing Countries (LLDC);2015;11758049.0;28412805.0
1636;Land-locked Developing Countries (LLDC);2020;13062602.0;31499061.0
1636;Land-locked Developing Countries (LLDC);2024;14973951.0;35204570.0
1637;Small Island Developing States (SIDS);1990;2208579.0;4758273.0
1637;Small Island Developing States (SIDS);1995;2621962.0;5678716.0
1637;Small Island Developing States (SIDS);2000;3082560.0;6749895.0
1637;Small Island Developing States (SIDS);2005;3341149.0;7350981.0
1637;Small Island Developing States (SIDS);2010;4039607.0;8502622.0
1637;Small Island Developing States (SIDS);2015;4603415.0;9708235.0
1637;Small Island Developing States (SIDS);2020;4807366.0;10911697.0
1637;Small Island Developing States (SIDS);2024;5308114.0;11966357.0
1829;Europe and Northern America;1990;79008202.0;51666993.0
1829;Europe and Northern America;1995;89861179.0;52157238.0
1829;Europe and Northern America;2000;99542834.0;50315576.0
1829;Europe and Northern America;2005;111451697.0;51450712.0
1829;Europe and Northern America;2010;123517093.0;54529079.0
1829;Europe and Northern America;2015;131730220.0;56052727.0
1829;Europe and Northern America;2020;141802488.0;57902217.0
1829;Europe and Northern America;2024;155259380.0;65535293.0
1830;Latin America and the Caribbean;1990;7253323.0;14438417.0
1830;Latin America and the Caribbean;1995;6728705.0;18875340.0
1830;Latin America and the Caribbean;2000;6589509.0;23244130.0
1830;Latin America and the Caribbean;2005;7111817.0;28524869.0
1830;Latin America and the Caribbean;2010;8275866.0;32980368.0
1830;Latin America and the Caribbean;2015;9109959.0;34988655.0
1830;Latin America and the Caribbean;2020;14287765.0;42128506.0
1830;Latin America and the Caribbean;2024;17510527.0;48269815.0
1831;Central and Southern Asia;1990;25456471.0;30342957.0
1831;Central and Southern Asia;1995;20140424.0;27930630.0
1831;Central and Southern Asia;2000;18979217.0;30008559.0
1831;Central and Southern Asia;2005;17615413.0;32445580.0
1831;Central and Southern Asia;2010;18225935.0;39400759.0
1831;Central and Southern Asia;2015;17681574.0;46011893.0
1831;Central and Southern Asia;2020;17736883.0;48594959.0
1831;Central and Southern Asia;2024;20369652.0;53948417.0
1832;Eastern and South-Eastern Asia;1990;6755128.0;14465509.0
1832;Eastern and South-Eastern Asia;1995;8203094.0;17262816.0
1832;Eastern and South-Eastern Asia;2000;10530525.0;20822011.0
1832;Eastern and South-Eastern Asia;2005;12702261.0;24315849.0
1832;Eastern and South-Eastern Asia;2010;16051107.0;30053666.0
1832;Eastern and South-Eastern Asia;2015;18869062.0;34562856.0
1832;Eastern and South-Eastern Asia;2020;21161853.0;38223520.0
1832;Eastern and South-Eastern Asia;2024;22588980.0;41409235.0
1833;Northern Africa and Western Asia;1990;16863681.0;14986109.0
1833;Northern Africa and Western Asia;1995;18573252.0;17216219.0
1833;Northern Africa and Western Asia;2000;20033534.0;18728264.0
1833;Northern Africa and Western Asia;2005;23016410.0;21198002.0
1833;Northern Africa and Western Asia;2010;32028416.0;25429492.0
1833;Northern Africa and Western Asia;2015;44083778.0;32508087.0
1833;Northern Africa and Western Asia;2020;48992329.0;37196853.0
1833;Northern Africa and Western Asia;2024;54085710.0;40529326.0
1834;Sub-Saharan Africa;1990;13802710.0;14124662.0
1834;Sub-Saharan Africa;1995;14578211.0;15183742.0
1834;Sub-Saharan Africa;2000;13518102.0;14584913.0
1834;Sub-Saharan Africa;2005;14849146.0;16004417.0
1834;Sub-Saharan Africa;2010;15787016.0;18243295.0
1834;Sub-Saharan Africa;2015;20399360.0;22763602.0
1834;Sub-Saharan Africa;2020;22040895.0;27134957.0
1834;Sub-Saharan Africa;2024;24306400.0;30661610.0
1835;Oceania (excluding Australia and New Zealand);1990;258678.0;239718.0
1835;Oceania (excluding Australia and New Zealand);1995;280580.0;267447.0
1835;Oceania (excluding Australia and New Zealand);2000;296618.0;305460.0
1835;Oceania (excluding Australia and New Zealand);2005;306039.0;340209.0
1835;Oceania (excluding Australia and New Zealand);2010;298175.0;370635.0
1835;Oceania (excluding Australia and New Zealand);2015;302810.0;413281.0
1835;Oceania (excluding Australia and New Zealand);2020;313069.0;449006.0
1835;Oceania (excluding Australia and New Zealand);2024;321771.0;492013.0
1836;Australia/New Zealand;1990;4517870.0;580043.0
1836;Australia/New Zealand;1995;4810557.0;661841.0
1836;Australia/New Zealand;2000;5075813.0;765869.0
1836;Australia/New Zealand;2005;5735938.0;855565.0
1836;Australia/New Zealand;2010;6836784.0;982983.0
1836;Australia/New Zealand;2015;7865257.0;1078774.0
1836;Australia/New Zealand;2020;8948750.0;1100151.0
1836;Australia/New Zealand;2024;9579393.0;1110490.0
1859;Low-and-middle-income countries;1990;75837882.0;104890703.0
1859;Low-and-middle-income countries;1995;71708985.0;110952268.0
1859;Low-and-middle-income countries;2000;69476411.0;119771420.0
1859;Low-and-middle-income countries;2005;69981727.0;134067128.0
1859;Low-and-middle-income countries;2010;75866908.0;156805538.0
1859;Low-and-middle-income countries;2015;82973485.0;180380969.0
1859;Low-and-middle-income countries;2020;91959081.0;198105922.0
1859;Low-and-middle-income countries;2024;103531383.0;222480863.0
2003;Others;1990;;13071655.0
2003;Others;1995;;13620729.0
2003;Others;2000;;15791370.0
2003;Others;2005;;17653518.0
2003;Others;2010;;19030115.0
2003;Others;2015;;21662145.0
2003;Others;2020;;22553863.0
2003;Others;2024;;22065614.0
5500;Central Asia;1990;6300541.0;6080895.0
5500;Central Asia;1995;4912782.0;6395294.0
5500;Central Asia;2000;4048262.0;6674793.0
5500;Central Asia;2005;3978487.0;7167297.0
5500;Central Asia;2010;3786871.0;7438419.0
5500;Central Asia;2015;3766652.0;6905656.0
5500;Central Asia;2020;3822237.0;6609180.0
5500;Central Asia;2024;3910116.0;6331890.0
5501;Southern Asia;1990;19155930.0;24262062.0
5501;Southern Asia;1995;15227642.0;21535336.0
5501;Southern Asia;2000;14930955.0;23333766.0
5501;Southern Asia;2005;13636926.0;25278283.0
5501;Southern Asia;2010;14439064.0;31962340.0
5501;Southern Asia;2015;13914922.0;39106237.0
5501;Southern Asia;2020;13914646.0;41985779.0
5501;Southern Asia;2024;16459536.0;47616527.0
5503;High-and-upper-middle-income countries;1990;106669906.0;81754405.0
5503;High-and-upper-middle-income countries;1995;119813451.0;90077453.0
5503;High-and-upper-middle-income countries;2000;133558378.0;95753859.0
5503;High-and-upper-middle-income countries;2005;152602542.0;104656175.0
5503;High-and-upper-middle-income countries;2010;177327524.0;116731625.0
5503;High-and-upper-middle-income countries;2015;202226089.0;121435470.0
5503;High-and-upper-middle-income countries;2020;224031424.0;127417359.0
5503;High-and-upper-middle-income countries;2024;246110417.0;134002869.0
5504;Low-and-Lower-middle-income countries;1990;46128434.0;58659599.0
5504;Low-and-Lower-middle-income countries;1995;42239497.0;59014187.0
5504;Low-and-Lower-middle-income countries;2000;39880176.0;62464239.0
5504;Low-and-Lower-middle-income countries;2005;38984860.0;69844932.0
5504;Low-and-Lower-middle-income countries;2010;42209231.0;84484855.0
5504;Low-and-Lower-middle-income countries;2015;46273405.0;105941531.0
5504;Low-and-Lower-middle-income countries;2020;49787870.0;119582624.0
5504;Low-and-Lower-middle-income countries;2024;56502698.0;139360886.0
