ISO3;Country_ID;Country;Conflict_ID;Conflict;Conflict_Type;Start;End;PointInTime;Start_Year;End_Year;Point_Year;Winner_ID;Winner;PartOf_ID;PartOf;Context_ID;Context;Place_ID;Place;Coordinates;Deaths;Source;Deaths_Num
PSE;http://www.wikidata.org/entity/Q219060;Estado da Palestina;http://www.wikidata.org/entity/Q4203073;Ottoman–Persian Wars;series of wars;1514-01-01T00:00:00Z;1823-01-01T00:00:00Z;;1514;1823;;;;;;;;http://www.wikidata.org/entity/Q7204;Médio Oriente;;;location;
PSE;http://www.wikidata.org/entity/Q219060;Estado da Palestina;http://www.wikidata.org/entity/Q118929718;Spanish-Ottoman War;guerra;1515-01-01T00:00:00Z;1577-01-01T00:00:00Z;;1515;1577;;;;http://www.wikidata.org/entity/Q786171;Guerras Otomanos-Habsburgos;;;http://www.wikidata.org/entity/Q4918;Mar Mediterrâneo;;;location;
PSE;http://www.wikidata.org/entity/Q219060;Estado da Palestina;http://www.wikidata.org/entity/Q786171;Guerras Otomanos-Habsburgos;series of wars;1526-01-01T00:00:00Z;1791-01-01T00:00:00Z;;1526;1791;;;;http://www.wikidata.org/entity/Q698985;Ottoman Wars in Europe;;;http://www.wikidata.org/entity/Q4918;Mar Mediterrâneo;;;location;
PSE;http://www.wikidata.org/entity/Q219060;Estado da Palestina;http://www.wikidata.org/entity/Q3119136;Third Ottoman–Venetian War;guerra;1537-01-01T00:00:00Z;1540-01-01T00:00:00Z;;1537;1540;;;;http://www.wikidata.org/entity/Q1420791;Guerras Otomano-Venezianas;;;http://www.wikidata.org/entity/Q4918;Mar Mediterrâneo;;;location;
PSE;http://www.wikidata.org/entity/Q219060;Estado da Palestina;http://www.wikidata.org/entity/Q2524228;Guerra italiana de 1551–1559;guerra;1551-01-01T00:00:00Z;1559-01-01T00:00:00Z;;1551;1559;;;;http://www.wikidata.org/entity/Q273348;Guerras Italianas;;;http://www.wikidata.org/entity/Q4918;Mar Mediterrâneo;;;location;
PSE;http://www.wikidata.org/entity/Q219060;Estado da Palestina;http://www.wikidata.org/entity/Q118929717;Austro-Turkish War of 1552–1559;guerra;1551-01-01T00:00:00Z;1562-01-01T00:00:00Z;;1551;1562;;;;http://www.wikidata.org/entity/Q3902588;Pequena Guerra na Hungria;;;http://www.wikidata.org/entity/Q4918;Mar Mediterrâneo;;;location;
PSE;http://www.wikidata.org/entity/Q219060;Estado da Palestina;http://www.wikidata.org/entity/Q121335815;Dutch-Barbary War;guerra;1618-01-01T00:00:00Z;1622-01-01T00:00:00Z;;1618;1622;;;;;;;;http://www.wikidata.org/entity/Q4918;Mar Mediterrâneo;;;location;
PSE;http://www.wikidata.org/entity/Q219060;Estado da Palestina;http://www.wikidata.org/entity/Q122828106;English expedition to Algiers (1620–1621);guerra;1620-01-01T00:00:00Z;1621-01-01T00:00:00Z;;1620;1621;;;;http://www.wikidata.org/entity/Q64929650;Algeria–United Kingdom relations;;;http://www.wikidata.org/entity/Q4918;Mar Mediterrâneo;;;location;
PSE;http://www.wikidata.org/entity/Q219060;Estado da Palestina;http://www.wikidata.org/entity/Q122908959;Anglo-Algerian War;guerra;1677-01-01T00:00:00Z;1682-01-01T00:00:00Z;;1677;1682;;;;http://www.wikidata.org/entity/Q64929650;Algeria–United Kingdom relations;;;http://www.wikidata.org/entity/Q4918;Mar Mediterrâneo;;;location;
PSE;http://www.wikidata.org/entity/Q219060;Estado da Palestina;http://www.wikidata.org/entity/Q122909186;Dutch-Algerian War;guerra;1715-01-01T00:00:00Z;1726-01-01T00:00:00Z;;1715;1726;;;;;;;;http://www.wikidata.org/entity/Q4918;Mar Mediterrâneo;;;location;
PSE;http://www.wikidata.org/entity/Q219060;Estado da Palestina;http://www.wikidata.org/entity/Q40949;Guerra da Independência dos Estados Unidos;guerra de libertação nacional;1775-04-19T00:00:00Z;1783-09-03T00:00:00Z;;1775;1783;;;;http://www.wikidata.org/entity/Q1227237;relações entre Estados Unidos e Reino Unido;;;http://www.wikidata.org/entity/Q4918;Mar Mediterrâneo;;;location;
PSE;http://www.wikidata.org/entity/Q219060;Estado da Palestina;http://www.wikidata.org/entity/Q122639374;American-Algerian War;guerra;1785-01-01T00:00:00Z;1795-01-01T00:00:00Z;;1785;1795;;;;;;;;http://www.wikidata.org/entity/Q4918;Mar Mediterrâneo;;;location;
PSE;http://www.wikidata.org/entity/Q219060;Estado da Palestina;http://www.wikidata.org/entity/Q123125481;Swedish–Algerian war;guerra;1791-01-01T00:00:00Z;1792-01-01T00:00:00Z;;1791;1792;;;;http://www.wikidata.org/entity/Q64943732;Algeria–Sweden relations;;;http://www.wikidata.org/entity/Q4918;Mar Mediterrâneo;;;location;
PSE;http://www.wikidata.org/entity/Q219060;Estado da Palestina;http://www.wikidata.org/entity/Q125503739;Swedish-Tripolitanian War;guerra;1796-01-01T00:00:00Z;1802-10-01T00:00:00Z;;1796;1802;;;;;;;;http://www.wikidata.org/entity/Q4918;Mar Mediterrâneo;;;location;
PSE;http://www.wikidata.org/entity/Q219060;Estado da Palestina;http://www.wikidata.org/entity/Q26749;Segunda Coligação;guerra;1798-01-01T00:00:00Z;1801-01-01T00:00:00Z;;1798;1801;;;;http://www.wikidata.org/entity/Q207318;Guerras Revolucionárias Francesas;;;http://www.wikidata.org/entity/Q4918;Mar Mediterrâneo;;;location;
PSE;http://www.wikidata.org/entity/Q219060;Estado da Palestina;http://www.wikidata.org/entity/Q468293;Guerra de Trípoli;guerra;1801-05-10T00:00:00Z;1805-06-10T00:00:00Z;1805-06-10T00:00:00Z;1801;1805;1805;;;http://www.wikidata.org/entity/Q807741;Guerras Berberes;;;http://www.wikidata.org/entity/Q4918;Mar Mediterrâneo;Point(13.164 32.958);;location;
PSE;http://www.wikidata.org/entity/Q219060;Estado da Palestina;http://www.wikidata.org/entity/Q233505;Segunda Guerra Berberesca;guerra;1815-06-17T00:00:00Z;1815-06-19T00:00:00Z;1815-01-01T00:00:00Z;1815;1815;1815;;;http://www.wikidata.org/entity/Q807741;Guerras Berberes;;;http://www.wikidata.org/entity/Q4918;Mar Mediterrâneo;;;location;
PSE;http://www.wikidata.org/entity/Q219060;Estado da Palestina;http://www.wikidata.org/entity/Q42868725;The First Yemeni Rebellion of 1890–1892;guerra civil;1890-04-01T00:00:00Z;1892-09-01T00:00:00Z;;1890;1892;;;;;;;;http://www.wikidata.org/entity/Q7204;Médio Oriente;;;location;
PSE;http://www.wikidata.org/entity/Q219060;Estado da Palestina;http://www.wikidata.org/entity/Q361;Primeira Guerra Mundial;guerra mundial;1914-07-28T00:00:00Z;1918-11-11T00:00:00Z;;1914;1918;;;;;;;;http://www.wikidata.org/entity/Q7204;Médio Oriente;;17000000;location;17000000.0
PSE;http://www.wikidata.org/entity/Q219060;Estado da Palestina;http://www.wikidata.org/entity/Q899191;naval warfare in the Mediterranean during World War I;batalha naval;1914-08-01T00:00:00Z;1918-10-01T00:00:00Z;;1914;1918;;;;http://www.wikidata.org/entity/Q695497;naval warfare of World War I;;;http://www.wikidata.org/entity/Q4918;Mar Mediterrâneo;Point(18.0 38.0);;location;
PSE;http://www.wikidata.org/entity/Q219060;Estado da Palestina;http://www.wikidata.org/entity/Q1378270;Batalha de Jerusalém;batalha;1917-11-17T00:00:00Z;1917-12-30T00:00:00Z;;1917;1917;;;;http://www.wikidata.org/entity/Q361;Primeira Guerra Mundial;;;http://www.wikidata.org/entity/Q1218;Jerusalém;Point(35.2275 31.776388888);;location;
PSE;http://www.wikidata.org/entity/Q219060;Estado da Palestina;http://www.wikidata.org/entity/Q4871873;Battle of Nebi Samwil;batalha;1917-11-18T00:00:00Z;1917-11-24T00:00:00Z;;1917;1917;;;;http://www.wikidata.org/entity/Q1765465;Teatro de operações do Oriente Médio na Primeira Guerra Mundial;;;http://www.wikidata.org/entity/Q3532567;Nabi Samwil;;;location;
PSE;http://www.wikidata.org/entity/Q219060;Estado da Palestina;http://www.wikidata.org/entity/Q388581;Segunda Batalha de Gaza;batalha;1917-04-17T00:00:00Z;1917-04-19T00:00:00Z;;1917;1917;;;;http://www.wikidata.org/entity/Q1765465;Teatro de operações do Oriente Médio na Primeira Guerra Mundial;;;http://www.wikidata.org/entity/Q47492;Gaza;Point(34.4737 31.4893);;location;
PSE;http://www.wikidata.org/entity/Q219060;Estado da Palestina;http://www.wikidata.org/entity/Q941322;Terceira batalha de Gaza;batalha;1917-11-01T00:00:00Z;1917-11-02T00:00:00Z;;1917;1917;;;;http://www.wikidata.org/entity/Q1765465;Teatro de operações do Oriente Médio na Primeira Guerra Mundial;;;http://www.wikidata.org/entity/Q47492;Gaza;Point(34.4737 31.4893);;location;
PSE;http://www.wikidata.org/entity/Q219060;Estado da Palestina;http://www.wikidata.org/entity/Q199371;Batalha de Megido;batalha;1918-09-19T00:00:00Z;1918-09-25T00:00:00Z;1918-01-01T00:00:00Z;1918;1918;1918;;;http://www.wikidata.org/entity/Q727536;Campanha do Sinai e Palestina;;;http://www.wikidata.org/entity/Q1294629;Samaria;Point(34.883 32.4);;location;
PSE;http://www.wikidata.org/entity/Q219060;Estado da Palestina;http://www.wikidata.org/entity/Q42423510;The Ethiopian Northern Resistance of 1928–1930;guerra;1928-01-01T00:00:00Z;1930-04-01T00:00:00Z;;1928;1930;;;;;;;;http://www.wikidata.org/entity/Q7204;Médio Oriente;;;location;
PSE;http://www.wikidata.org/entity/Q219060;Estado da Palestina;http://www.wikidata.org/entity/Q12244109;Battle of Al-Khader;batalha;1936-10-05T00:00:00Z;1936-10-06T00:00:00Z;;1936;1936;;;;http://www.wikidata.org/entity/Q46057;Revolta árabe de 1936-1939;;;http://www.wikidata.org/entity/Q1996562;al-Khader;;;location;
PSE;http://www.wikidata.org/entity/Q219060;Estado da Palestina;http://www.wikidata.org/entity/Q362;Segunda Guerra Mundial;guerra mundial;1939-09-01T00:00:00Z;1945-09-02T00:00:00Z;;1939;1945;;;;;;;;http://www.wikidata.org/entity/Q7204;Médio Oriente;;73000000;location;73000000.0
PSE;http://www.wikidata.org/entity/Q219060;Estado da Palestina;http://www.wikidata.org/entity/Q10130;Operation Harpoon;batalha naval;1942-06-12T00:00:00Z;1942-06-15T00:00:00Z;1942-01-01T00:00:00Z;1942;1942;1942;;;http://www.wikidata.org/entity/Q702176;Batalha do Mediterrâneo;;;http://www.wikidata.org/entity/Q4918;Mar Mediterrâneo;Point(11.63333333 36.2);;location;
PSE;http://www.wikidata.org/entity/Q219060;Estado da Palestina;http://www.wikidata.org/entity/Q1927362;Operação Pedestal;batalha;1942-08-03T00:00:00Z;1942-08-15T00:00:00Z;;1942;1942;;;;http://www.wikidata.org/entity/Q702176;Batalha do Mediterrâneo;;;http://www.wikidata.org/entity/Q4918;Mar Mediterrâneo;Point(-5.412476 36.171272);;location;
PSE;http://www.wikidata.org/entity/Q219060;Estado da Palestina;http://www.wikidata.org/entity/Q16208357;Battle of the Campobasso Convoy;batalha naval;1943-05-03T00:00:00Z;1943-05-04T00:00:00Z;1943-05-04T00:00:00Z;1943;1943;1943;;;http://www.wikidata.org/entity/Q702176;Batalha do Mediterrâneo;;;http://www.wikidata.org/entity/Q4918;Mar Mediterrâneo;Point(10.75 36.75);;location;
PSE;http://www.wikidata.org/entity/Q219060;Estado da Palestina;http://www.wikidata.org/entity/Q16207310;Battle of the Gulf of Gabes;batalha;1943-01-19T00:00:00Z;1943-01-20T00:00:00Z;1943-01-20T00:00:00Z;1943;1943;1943;;;http://www.wikidata.org/entity/Q702176;Batalha do Mediterrâneo;;;http://www.wikidata.org/entity/Q4918;Mar Mediterrâneo;Point(12.08 32.93);;location;
PSE;http://www.wikidata.org/entity/Q219060;Estado da Palestina;http://www.wikidata.org/entity/Q2916279;Battle for Jerusalem;batalha;1947-12-01T00:00:00Z;1948-07-18T00:00:00Z;;1947;1948;;;;http://www.wikidata.org/entity/Q49097;Guerra da Palestina de 1948;;;http://www.wikidata.org/entity/Q1218;Jerusalém;;;location;
PSE;http://www.wikidata.org/entity/Q219060;Estado da Palestina;http://www.wikidata.org/entity/Q49092;Guerra árabe-israelense de 1948;guerra;1948-05-15T00:00:00Z;1949-03-10T00:00:00Z;1940-01-01T00:00:00Z;1948;1949;1940;;;http://www.wikidata.org/entity/Q49097;Guerra da Palestina de 1948;;;http://www.wikidata.org/entity/Q23792;Palestina;;;location;
PSE;http://www.wikidata.org/entity/Q219060;Estado da Palestina;http://www.wikidata.org/entity/Q4872154;Battle of Rafah;batalha;1949-01-03T00:00:00Z;1949-01-08T00:00:00Z;;1949;1949;;;;http://www.wikidata.org/entity/Q49092;Guerra árabe-israelense de 1948;;;http://www.wikidata.org/entity/Q172343;Rafah;Point(34.21743333 31.22586667);;location;
PSE;http://www.wikidata.org/entity/Q219060;Estado da Palestina;http://www.wikidata.org/entity/Q4567412;1952 raid on Beit Jala;guerra;1952-01-01T00:00:00Z;1953-01-01T00:00:00Z;;1952;1953;;;;;;;;http://www.wikidata.org/entity/Q803984;Bet-Jalla;;;location;
PSE;http://www.wikidata.org/entity/Q219060;Estado da Palestina;http://www.wikidata.org/entity/Q49077;Guerra dos Seis Dias;guerra;1967-06-05T00:00:00Z;1967-06-10T00:00:00Z;;1967;1967;;;;http://www.wikidata.org/entity/Q8669;conflito israelo-árabe;;;http://www.wikidata.org/entity/Q7204;Médio Oriente;;;location;
PSE;http://www.wikidata.org/entity/Q219060;Estado da Palestina;http://www.wikidata.org/entity/Q12409218;War of Attrition in the Bashan Salient;batalha;1974-03-01T00:00:00Z;1974-05-31T00:00:00Z;;1974;1974;;;;http://www.wikidata.org/entity/Q49100;Guerra do Yom Kipur;;;http://www.wikidata.org/entity/Q7204;Médio Oriente;;;location;
PSE;http://www.wikidata.org/entity/Q219060;Estado da Palestina;http://www.wikidata.org/entity/Q15059994;conflito por procuração entre Irã e Israel;guerra por procuração;1985-02-16T00:00:00Z;;;1985;;;;;http://www.wikidata.org/entity/Q2301356;relações entre Irão e Israel;;;http://www.wikidata.org/entity/Q7204;Médio Oriente;;;location;
PSE;http://www.wikidata.org/entity/Q219060;Estado da Palestina;http://www.wikidata.org/entity/Q2896635;Battle of Nablus;batalha;2002-04-03T00:00:00Z;2002-04-08T00:00:00Z;2002-01-01T00:00:00Z;2002;2002;2002;;;http://www.wikidata.org/entity/Q2276724;Operação Escudo Defensivo;;;http://www.wikidata.org/entity/Q214178;Nablus;Point(35.27888889 32.22027778);;location;
PSE;http://www.wikidata.org/entity/Q219060;Estado da Palestina;http://www.wikidata.org/entity/Q373655;Batalha de Gaza (2007);batalha;2007-06-10T00:00:00Z;2007-06-15T00:00:00Z;;2007;2007;;;;http://www.wikidata.org/entity/Q1397949;Conflito entre Hamas e Fatah;;;http://www.wikidata.org/entity/Q39760;Faixa de Gaza;Point(34.45 31.516667);;location;
PSE;http://www.wikidata.org/entity/Q219060;Estado da Palestina;http://www.wikidata.org/entity/Q170682;Operação Chumbo Fundido;guerra;2008-12-27T00:00:00Z;2009-01-18T00:00:00Z;;2008;2009;;;;http://www.wikidata.org/entity/Q8669;conflito israelo-árabe;;;http://www.wikidata.org/entity/Q39760;Faixa de Gaza;;;location;
PSE;http://www.wikidata.org/entity/Q219060;Estado da Palestina;http://www.wikidata.org/entity/Q5644118;Battle of Rafah;batalha;2009-08-14T00:00:00Z;2009-08-15T00:00:00Z;;2009;2009;;;;http://www.wikidata.org/entity/Q134589932;Salafi-jihadist insurgency in the Gaza Strip;;;http://www.wikidata.org/entity/Q39760;Faixa de Gaza;;;location;
PSE;http://www.wikidata.org/entity/Q219060;Estado da Palestina;http://www.wikidata.org/entity/Q33761;Primavera Árabe;guerra civil;2010-12-18T00:00:00Z;2012-12-01T00:00:00Z;2010-12-17T00:00:00Z;2010;2012;2010;;;;;;;http://www.wikidata.org/entity/Q143487;mundo árabe;;;location;
PSE;http://www.wikidata.org/entity/Q219060;Estado da Palestina;http://www.wikidata.org/entity/Q17512479;Inverno Árabe;guerra;2012-01-01T00:00:00Z;2018-01-01T00:00:00Z;;2012;2018;;;;;;;;http://www.wikidata.org/entity/Q143487;mundo árabe;;;location;
PSE;http://www.wikidata.org/entity/Q219060;Estado da Palestina;http://www.wikidata.org/entity/Q17387592;Battle of Shuja'iyya (2014);batalha;2014-07-20T00:00:00Z;2014-07-23T00:00:00Z;2014-07-01T00:00:00Z;2014;2014;2014;;;http://www.wikidata.org/entity/Q17324420;Operação Margem Protetora;;;http://www.wikidata.org/entity/Q607406;Shuja'iyya;Point(34.5111 31.4944);;location;
PSE;http://www.wikidata.org/entity/Q219060;Estado da Palestina;http://www.wikidata.org/entity/Q123369926;Battle of Beit Hanoun;batalha;2023-10-27T00:00:00Z;2025-05-16T00:00:00Z;2023-01-01T00:00:00Z;2023;2025;2023;;;http://www.wikidata.org/entity/Q122962941;guerra Israel–Hamas;;;http://www.wikidata.org/entity/Q74176;Beit Hanoun;Point(34.533333333 31.533333333);;location;
PSE;http://www.wikidata.org/entity/Q219060;Estado da Palestina;http://www.wikidata.org/entity/Q123290408;Siege of Gaza City;batalha;2023-11-02T00:00:00Z;;2023-11-01T00:00:00Z;2023;;2023;;;http://www.wikidata.org/entity/Q123036458;Invasão israelense da Faixa de Gaza;;;http://www.wikidata.org/entity/Q47492;Gaza;Point(34.466666666 31.5);;location;
PSE;http://www.wikidata.org/entity/Q219060;Estado da Palestina;http://www.wikidata.org/entity/Q124119981;Battle of Jabalia;batalha;2023-10-26T00:00:00Z;2024-01-06T00:00:00Z;;2023;2024;;;;http://www.wikidata.org/entity/Q123036458;Invasão israelense da Faixa de Gaza;;;http://www.wikidata.org/entity/Q1015472;Jabaliyah;Point(34.483333333 31.528055555);;location;
PSE;http://www.wikidata.org/entity/Q219060;Estado da Palestina;http://www.wikidata.org/entity/Q123697491;Siege of Khan Yunis;batalha;2023-12-01T00:00:00Z;;;2023;;;;;http://www.wikidata.org/entity/Q123036458;Invasão israelense da Faixa de Gaza;;;http://www.wikidata.org/entity/Q309348;Khan Yunis;;;location;
PSE;http://www.wikidata.org/entity/Q219060;Estado da Palestina;http://www.wikidata.org/entity/Q130524270;Second Battle of Jabalia;batalha;2024-05-11T00:00:00Z;2024-05-31T00:00:00Z;;2024;2024;;;;http://www.wikidata.org/entity/Q122962941;guerra Israel–Hamas;;;http://www.wikidata.org/entity/Q1015472;Jabaliyah;Point(34.483333333 31.528055555);;location;
PSE;http://www.wikidata.org/entity/Q219060;Estado da Palestina;http://www.wikidata.org/entity/Q6510923;Incursão em Khan Yunis em Julho de 2024;batalha;2024-07-22T00:00:00Z;;;2024;;;;;http://www.wikidata.org/entity/Q123036458;Invasão israelense da Faixa de Gaza;;;http://www.wikidata.org/entity/Q309348;Khan Yunis;;;location;
PSE;http://www.wikidata.org/entity/Q219060;Estado da Palestina;http://www.wikidata.org/entity/Q130493373;Third Battle of Jabalia;batalha;2024-10-05T00:00:00Z;;;2024;;;;;http://www.wikidata.org/entity/Q12184968;limpeza étnica na Palestina;;;http://www.wikidata.org/entity/Q1015472;Jabaliyah;Point(34.483333333 31.528055555);;location;
PSE;http://www.wikidata.org/entity/Q219060;Estado da Palestina;http://www.wikidata.org/entity/Q134900605;guerra Israel-Irã;guerra;2025-06-13T00:00:00Z;2025-06-24T00:00:00Z;2025-06-01T00:00:00Z;2025;2025;2025;;;http://www.wikidata.org/entity/Q124373310;crise no Médio Oriente (2023–presente);;;http://www.wikidata.org/entity/Q7204;Médio Oriente;;;location;
PSE;http://www.wikidata.org/entity/Q219060;Estado da Palestina;http://www.wikidata.org/entity/Q85970703;Battle of Gaza;batalha;;;1516-12-31T00:00:00Z;;;1516;;;http://www.wikidata.org/entity/Q4338038;Guerra Otomano-Mameluca;;;http://www.wikidata.org/entity/Q47492;Gaza;;;location;
PSE;http://www.wikidata.org/entity/Q219060;Estado da Palestina;http://www.wikidata.org/entity/Q4872776;Battle of Yaunis Khan;batalha;;;1516-10-28T00:00:00Z;;;1516;;;http://www.wikidata.org/entity/Q4338038;Guerra Otomano-Mameluca;;;http://www.wikidata.org/entity/Q309348;Khan Yunis;Point(34.444722222 31.3875);;location;
PSE;http://www.wikidata.org/entity/Q219060;Estado da Palestina;http://www.wikidata.org/entity/Q16146533;Action of 1570;batalha naval;;;1570-07-25T00:00:00Z;;;1570;;;http://www.wikidata.org/entity/Q961430;Guerra Otomana-Veneziana (1570-1573);;;http://www.wikidata.org/entity/Q4918;Mar Mediterrâneo;;;location;
PSE;http://www.wikidata.org/entity/Q219060;Estado da Palestina;http://www.wikidata.org/entity/Q1814482;Batalha de Elba;batalha naval;;;1652-09-06T00:00:00Z;;;1652;;;http://www.wikidata.org/entity/Q1151913;Primeira Guerra Anglo-Holandesa;;;http://www.wikidata.org/entity/Q4918;Mar Mediterrâneo;Point(10.23 42.75);;location;
PSE;http://www.wikidata.org/entity/Q219060;Estado da Palestina;http://www.wikidata.org/entity/Q4677357;Action of 3 May 1657;batalha naval;;;1657-05-03T00:00:00Z;;;1657;;;http://www.wikidata.org/entity/Q699602;Guerra Cretense de 1645-1669;;;http://www.wikidata.org/entity/Q4918;Mar Mediterrâneo;;;location;
PSE;http://www.wikidata.org/entity/Q219060;Estado da Palestina;http://www.wikidata.org/entity/Q1196554;Battle of Minorca;batalha naval;;;1756-05-20T00:00:00Z;;;1756;;;http://www.wikidata.org/entity/Q33143;Guerra dos Sete Anos;;;http://www.wikidata.org/entity/Q4918;Mar Mediterrâneo;Point(4.35 39.89);;location;
PSE;http://www.wikidata.org/entity/Q219060;Estado da Palestina;http://www.wikidata.org/entity/Q19870576;Action of 24 June 1795;batalha naval;;;1795-06-24T00:00:00Z;;;1795;;;http://www.wikidata.org/entity/Q207318;Guerras Revolucionárias Francesas;;;http://www.wikidata.org/entity/Q4918;Mar Mediterrâneo;Point(5.5 41.1333);;location;
PSE;http://www.wikidata.org/entity/Q219060;Estado da Palestina;http://www.wikidata.org/entity/Q2890888;Batalha do Comboio de Malta;batalha naval;;;1800-02-18T00:00:00Z;;;1800;;;http://www.wikidata.org/entity/Q207318;Guerras Revolucionárias Francesas;;;http://www.wikidata.org/entity/Q4918;Mar Mediterrâneo;Point(14.51416667 35.89777778);;location;
PSE;http://www.wikidata.org/entity/Q219060;Estado da Palestina;http://www.wikidata.org/entity/Q783183;Ação de 1 de agosto de 1801;batalha naval;;;1801-08-01T00:00:00Z;;;1801;;;http://www.wikidata.org/entity/Q468293;Guerra de Trípoli;;;http://www.wikidata.org/entity/Q4918;Mar Mediterrâneo;Point(13.187507 32.876174);;location;
PSE;http://www.wikidata.org/entity/Q219060;Estado da Palestina;http://www.wikidata.org/entity/Q125470172;Action of 27 May 1802;batalha naval;;;1802-05-27T00:00:00Z;;;1802;;;http://www.wikidata.org/entity/Q125480888;Q125480888;;;http://www.wikidata.org/entity/Q4918;Mar Mediterrâneo;;;location;
PSE;http://www.wikidata.org/entity/Q219060;Estado da Palestina;http://www.wikidata.org/entity/Q4677372;Action of 5 November 1813;batalha naval;;;1813-01-01T00:00:00Z;;;1813;;;http://www.wikidata.org/entity/Q78994;Guerras Napoleónicas;;;http://www.wikidata.org/entity/Q4918;Mar Mediterrâneo;Point(5.9841 43.0466);;location;
PSE;http://www.wikidata.org/entity/Q219060;Estado da Palestina;http://www.wikidata.org/entity/Q4554399;Battle of Hebron;batalha;;;1834-08-01T00:00:00Z;;;1834;;;http://www.wikidata.org/entity/Q4554402;Peasants' revolt in Palestine;;;http://www.wikidata.org/entity/Q168225;Hebrom;;;location;
PSE;http://www.wikidata.org/entity/Q219060;Estado da Palestina;http://www.wikidata.org/entity/Q2791318;Primeira Batalha de Gaza;batalha;;;1917-03-26T00:00:00Z;;;1917;;;http://www.wikidata.org/entity/Q1765465;Teatro de operações do Oriente Médio na Primeira Guerra Mundial;;;http://www.wikidata.org/entity/Q47492;Gaza;Point(34.4737 31.4893);;location;
PSE;http://www.wikidata.org/entity/Q219060;Estado da Palestina;http://www.wikidata.org/entity/Q4871340;Batalha de Jisr Benat Yakub;batalha;;;1918-09-27T00:00:00Z;;;1918;;;http://www.wikidata.org/entity/Q361;Primeira Guerra Mundial;;;http://www.wikidata.org/entity/Q40059;Rio Jordão;Point(35.628333 33.010278);;location;
PSE;http://www.wikidata.org/entity/Q219060;Estado da Palestina;http://www.wikidata.org/entity/Q2903842;Battle of Abu Tellul;batalha;;;1918-07-14T00:00:00Z;;;1918;;;http://www.wikidata.org/entity/Q727536;Campanha do Sinai e Palestina;;;http://www.wikidata.org/entity/Q23792;Palestina;;;location;
PSE;http://www.wikidata.org/entity/Q219060;Estado da Palestina;http://www.wikidata.org/entity/Q12127463;Battle of Anbata;batalha;;;1936-06-21T00:00:00Z;;;1936;;;http://www.wikidata.org/entity/Q46057;Revolta árabe de 1936-1939;;;http://www.wikidata.org/entity/Q2701952;Anabta;;;location;
PSE;http://www.wikidata.org/entity/Q219060;Estado da Palestina;http://www.wikidata.org/entity/Q30693121;Battle of Balaa;batalha;;;1936-09-03T00:00:00Z;;;1936;;;http://www.wikidata.org/entity/Q46057;Revolta árabe de 1936-1939;;;http://www.wikidata.org/entity/Q4849622;Bal'a;;;location;
PSE;http://www.wikidata.org/entity/Q219060;Estado da Palestina;http://www.wikidata.org/entity/Q30693193;Battle of Beit Imrin;batalha;;;1936-09-29T00:00:00Z;;;1936;;;http://www.wikidata.org/entity/Q46057;Revolta árabe de 1936-1939;;;http://www.wikidata.org/entity/Q4881450;Beit Imrin;;;location;
PSE;http://www.wikidata.org/entity/Q219060;Estado da Palestina;http://www.wikidata.org/entity/Q5166670;Convoy de la Victoria;batalha;;;1936-08-05T00:00:00Z;;;1936;;;http://www.wikidata.org/entity/Q10859;Guerra Civil Espanhola;;;http://www.wikidata.org/entity/Q4918;Mar Mediterrâneo;Point(-5.39916667 36.07805556);;location;
PSE;http://www.wikidata.org/entity/Q219060;Estado da Palestina;http://www.wikidata.org/entity/Q1541340;Batalha do Cabo Spartivento;batalha naval;;;1940-11-27T00:00:00Z;;;1940;;;http://www.wikidata.org/entity/Q362;Segunda Guerra Mundial;;;http://www.wikidata.org/entity/Q4918;Mar Mediterrâneo;Point(8.865833333 38.4275);;location;
PSE;http://www.wikidata.org/entity/Q219060;Estado da Palestina;http://www.wikidata.org/entity/Q2122172;Battle of Cape Passero;batalha naval;;;1940-10-12T00:00:00Z;;;1940;;;http://www.wikidata.org/entity/Q702176;Batalha do Mediterrâneo;;;http://www.wikidata.org/entity/Q4918;Mar Mediterrâneo;Point(15.75 36.25);;location;
PSE;http://www.wikidata.org/entity/Q219060;Estado da Palestina;http://www.wikidata.org/entity/Q1636800;Battle of Cape Spada;batalha naval;;;1940-07-19T00:00:00Z;;;1940;;;http://www.wikidata.org/entity/Q702176;Batalha do Mediterrâneo;;;http://www.wikidata.org/entity/Q4918;Mar Mediterrâneo;Point(23.720555555 35.692777777);;location;
PSE;http://www.wikidata.org/entity/Q219060;Estado da Palestina;http://www.wikidata.org/entity/Q2553164;Battle of the Espero Convoy;batalha naval;;;1940-06-28T00:00:00Z;;;1940;;;http://www.wikidata.org/entity/Q702176;Batalha do Mediterrâneo;;;http://www.wikidata.org/entity/Q4918;Mar Mediterrâneo;Point(20.57701944 35.13787778);;location;
PSE;http://www.wikidata.org/entity/Q219060;Estado da Palestina;http://www.wikidata.org/entity/Q714242;Battle of Cape Bon;batalha naval;;;1941-12-13T00:00:00Z;;;1941;;;http://www.wikidata.org/entity/Q702176;Batalha do Mediterrâneo;;;http://www.wikidata.org/entity/Q4918;Mar Mediterrâneo;;;location;
PSE;http://www.wikidata.org/entity/Q219060;Estado da Palestina;http://www.wikidata.org/entity/Q3636255;Battle of the Duisburg Convoy;batalha;;;1941-11-09T00:00:00Z;;;1941;;;http://www.wikidata.org/entity/Q702176;Batalha do Mediterrâneo;;;http://www.wikidata.org/entity/Q4918;Mar Mediterrâneo;Point(18.15 37.13333333);;location;
PSE;http://www.wikidata.org/entity/Q219060;Estado da Palestina;http://www.wikidata.org/entity/Q2553656;Battle of the Tarigo Convoy;batalha naval;;;1941-04-16T00:00:00Z;;;1941;;;http://www.wikidata.org/entity/Q702176;Batalha do Mediterrâneo;;;http://www.wikidata.org/entity/Q4918;Mar Mediterrâneo;Point(11.51367222 35.15753611);;location;
PSE;http://www.wikidata.org/entity/Q219060;Estado da Palestina;http://www.wikidata.org/entity/Q3636253;Battle of the Cigno Convoy;batalha;;;1943-04-16T00:00:00Z;;;1943;;;http://www.wikidata.org/entity/Q702176;Batalha do Mediterrâneo;;;http://www.wikidata.org/entity/Q4918;Mar Mediterrâneo;Point(12.1914 37.8098);;location;
PSE;http://www.wikidata.org/entity/Q219060;Estado da Palestina;http://www.wikidata.org/entity/Q2336243;Batalha da Colina da Munição;batalha;;;1967-06-06T00:00:00Z;;;1967;;;http://www.wikidata.org/entity/Q49077;Guerra dos Seis Dias;;;http://www.wikidata.org/entity/Q28726967;Ammunition Hill;Point(35.2281 31.7994);;location;
PSE;http://www.wikidata.org/entity/Q219060;Estado da Palestina;http://www.wikidata.org/entity/Q7058049;Commissioner Palace in the Six Day War;batalha;;;1967-06-05T00:00:00Z;;;1967;;;http://www.wikidata.org/entity/Q49077;Guerra dos Seis Dias;;;http://www.wikidata.org/entity/Q12404277;Armon Hanatziv;;;location;
PSE;http://www.wikidata.org/entity/Q219060;Estado da Palestina;http://www.wikidata.org/entity/Q8120862;Liberation of Jerusalem in the Six-Day War;batalha;;;1967-06-05T00:00:00Z;;;1967;;;http://www.wikidata.org/entity/Q49077;Guerra dos Seis Dias;;;http://www.wikidata.org/entity/Q1218;Jerusalém;;;location;
PSE;http://www.wikidata.org/entity/Q219060;Estado da Palestina;http://www.wikidata.org/entity/Q125927188;Umm Short Incident;batalha;;;1967-11-21T00:00:00Z;;;1967;;;http://www.wikidata.org/entity/Q25488597;War of Attrition in Jordan Valley;;;http://www.wikidata.org/entity/Q1703682;Jordan Rift Valley;;;location;
PSE;http://www.wikidata.org/entity/Q219060;Estado da Palestina;http://www.wikidata.org/entity/Q28671087;Battle of Paphos;batalha;;;1974-07-21T00:00:00Z;;;1974;;;http://www.wikidata.org/entity/Q1050999;Invasão turca de Chipre;;;http://www.wikidata.org/entity/Q4918;Mar Mediterrâneo;Point(32.3829 34.7497);;location;
PSE;http://www.wikidata.org/entity/Q219060;Estado da Palestina;http://www.wikidata.org/entity/Q22948406;Conflito iraniano-saudita;guerra por procuração;;;1979-02-11T00:00:00Z;;;1979;;;http://www.wikidata.org/entity/Q17512479;Inverno Árabe;;;http://www.wikidata.org/entity/Q7204;Médio Oriente;;;location;
PSE;http://www.wikidata.org/entity/Q219060;Estado da Palestina;http://www.wikidata.org/entity/Q2603955;Incidente no Golfo de Sidra;batalha;;;1989-01-04T00:00:00Z;;;1989;;;http://www.wikidata.org/entity/Q8683;Guerra Fria;;;http://www.wikidata.org/entity/Q4918;Mar Mediterrâneo;Point(23.4 33.5);;location;
PSE;http://www.wikidata.org/entity/Q219060;Estado da Palestina;http://www.wikidata.org/entity/Q4871330;Massacre de Jenin;batalha;;;2002-01-01T00:00:00Z;;;2002;;;http://www.wikidata.org/entity/Q2276724;Operação Escudo Defensivo;;;http://www.wikidata.org/entity/Q374748;Jenin;Point(35.301356 32.460289);;location;
PSE;http://www.wikidata.org/entity/Q219060;Estado da Palestina;http://www.wikidata.org/entity/Q20502828;Battle of Rafah;batalha;;;2014-08-01T00:00:00Z;;;2014;;;http://www.wikidata.org/entity/Q17324420;Operação Margem Protetora;;;http://www.wikidata.org/entity/Q1074341;Rafah Governorate;;150;location;150.0
PSE;http://www.wikidata.org/entity/Q219060;Estado da Palestina;http://www.wikidata.org/entity/Q125526155;Battle of Hamad;batalha;;;2024-03-01T00:00:00Z;;;2024;;;;;;;http://www.wikidata.org/entity/Q16123704;Hamad City;Point(34.31835 31.37608);;location;
PSE;http://www.wikidata.org/entity/Q219060;Estado da Palestina;http://www.wikidata.org/entity/Q131746106;Beit Hanoun ambush;emboscada;;;2025-01-11T00:00:00Z;;;2025;;;http://www.wikidata.org/entity/Q122962941;guerra Israel–Hamas;;;http://www.wikidata.org/entity/Q74176;Beit Hanoun;;4;location;4.0
PSE;http://www.wikidata.org/entity/Q219060;Estado da Palestina;http://www.wikidata.org/entity/Q3491398;Arab–Israeli Wars;series of wars;;;;;;;;;;;;;http://www.wikidata.org/entity/Q984212;MENA;;;location;
PSE;http://www.wikidata.org/entity/Q219060;Estado da Palestina;http://www.wikidata.org/entity/Q549459;Batalha de Jericó;batalha;;;;;;;;;http://www.wikidata.org/entity/Q2900968;Israelite highland settlement;;;http://www.wikidata.org/entity/Q5687;Jericó;Point(35.46218056 31.85544444);;location;
PSE;http://www.wikidata.org/entity/Q219060;Estado da Palestina;http://www.wikidata.org/entity/Q116215747;Battle of Ai;batalha;;;;;;;;;;;;;http://www.wikidata.org/entity/Q403166;Ai;Point(35.261111111 31.916944444);;location;
PSE;http://www.wikidata.org/entity/Q219060;Estado da Palestina;http://www.wikidata.org/entity/Q4348819;First Archipelago Expedition;guerra;;;;;;;;;http://www.wikidata.org/entity/Q123070;Guerra Russo-Turca;;;http://www.wikidata.org/entity/Q4918;Mar Mediterrâneo;;;location;
PSE;http://www.wikidata.org/entity/Q219060;Estado da Palestina;http://www.wikidata.org/entity/Q25067321;Tunisian-Sicilian War;guerra;;;;;;;;;http://www.wikidata.org/entity/Q468293;Guerra de Trípoli;;;http://www.wikidata.org/entity/Q4918;Mar Mediterrâneo;;;location;
