iso3,country,city_qid,admin_q,is_cap,pop,yr,lat,lon
SEN,Senegal,Q202776,http://www.wikidata.org/entity/Q2087556,0,205294,,12.586111111111,-16.27075
SEN,Senegal,Q244347,http://www.wikidata.org/entity/Q2863759,0,1680,,14.666944444444,-17.398333333333
SEN,Senegal,Q273779,http://www.wikidata.org/entity/Q2066134,0,258592,,16.033333333333,-16.5
SEN,Senegal,Q286563,http://www.wikidata.org/entity/Q2087854,0,28642,,12.809722222222,-16.230027777778
SEN,Senegal,Q375977,http://www.wikidata.org/entity/Q2989370,0,0,,12.412083333333,-16.316611111111
SEN,Senegal,Q427274,http://www.wikidata.org/entity/Q3053687,0,51,,12.551583333333,-16.405194444444
SEN,Senegal,Q430470,http://www.wikidata.org/entity/Q2068250,0,39361,,14.339277777778,-16.410416666667
SEN,Senegal,Q586498,http://www.wikidata.org/entity/Q2083190,0,30051,,12.555583333333,-12.18075
SEN,Senegal,Q600693,http://www.wikidata.org/entity/Q2087146,0,391253,,14.791638888889,-16.924944444444
SEN,Senegal,Q3489051,http://www.wikidata.org/entity/Q2068339,0,20424,,13.88075,-16.374611111111
SEN,Senegal,Q3523969,http://www.wikidata.org/entity/Q2864042,0,20168,,14.420861111111,-16.706138888889
SEN,Senegal,Q3524782,http://www.wikidata.org/entity/Q600693,0,136138,,14.8005,-16.926972222222
SEN,Senegal,Q3524781,http://www.wikidata.org/entity/Q600693,0,166256,,14.781972222222,-16.910555555556
SEN,Senegal,Q3532779,http://www.wikidata.org/entity/Q2989370,0,358,,12.494388888889,-16.286611111111
SEN,Senegal,Q52000284,http://www.wikidata.org/entity/Q2085162,0,2345,,15.8088,-13.2454
SEN,Senegal,Q3718,http://www.wikidata.org/entity/Q2066372,1,1438725,,14.672555555556,-17.432
SEN,Senegal,Q657072,http://www.wikidata.org/entity/Q2068182,0,529176,,14.866666666667,-15.883333333333
SEN,Senegal,Q685330,http://www.wikidata.org/entity/Q2068250,0,12795,,14.185305555556,-16.661055555556
SEN,Senegal,Q768591,http://www.wikidata.org/entity/Q2087689,0,4828,,12.488555555556,-16.545388888889
SEN,Senegal,Q842200,http://www.wikidata.org/entity/Q5270700,0,42839,,14.742777777778,-17.141944444444
SEN,Senegal,Q847677,http://www.wikidata.org/entity/Q2082914,0,172305,,14.15197,-16.07259
SEN,Senegal,Q967925,http://www.wikidata.org/entity/Q2864033,0,12743,,14.563027777778,-17.11375
SEN,Senegal,Q977305,http://www.wikidata.org/entity/Q2086236,0,78800,,13.768889,-13.667222
SEN,Senegal,Q1011890,http://www.wikidata.org/entity/Q2084154,0,62258,,12.895833333333,-14.940833333333
SEN,Senegal,Q1019424,http://www.wikidata.org/entity/Q2863992,0,295459,,14.714027777778,-17.272305555556
SEN,Senegal,Q1019431,http://www.wikidata.org/entity/Q2086960,0,284189,,14.410444444444,-16.964944444444
SEN,Senegal,Q1019429,http://www.wikidata.org/entity/Q2066068,0,11608,,16.648888888889,-14.960555555556
SEN,Senegal,Q1153620,http://www.wikidata.org/entity/Q2087361,0,102658,,14.954305555556,-16.813194444444
SEN,Senegal,Q1273644,http://www.wikidata.org/entity/Q255486,0,1170791,,14.744,-17.402055555556
SEN,Senegal,Q1340331,http://www.wikidata.org/entity/Q2086960,0,61582,,14.153138888889,-16.831638888889
SEN,Senegal,Q2277705,http://www.wikidata.org/entity/Q2087146,0,20321,,14.762861111111,-16.690916666667
SEN,Senegal,Q2370894,http://www.wikidata.org/entity/Q3195628,0,312444,,14.776111111111,-17.3575
SEN,Senegal,Q2881755,http://www.wikidata.org/entity/Q2086832,0,2945,,13.8076276,-14.6181192
SEN,Senegal,Q2882325,http://www.wikidata.org/entity/Q3053687,0,291,,12.580694444444,-16.481138888889
SEN,Senegal,Q2883761,http://www.wikidata.org/entity/Q2989372,0,162,,12.518666666667,-16.308583333333
SEN,Senegal,Q2884475,http://www.wikidata.org/entity/Q2067770,0,69242,,14.694444444444,-17.230555555556
SEN,Senegal,Q2887621,http://www.wikidata.org/entity/Q2989370,0,0,,12.455333333333,-16.36375
SEN,Senegal,Q2904637,http://www.wikidata.org/entity/Q3718,0,74025,,14.705277777778,-17.451805555556
SEN,Senegal,Q2908596,http://www.wikidata.org/entity/Q2989370,0,151,,12.471972222222,-16.254833333333
SEN,Senegal,Q2921566,http://www.wikidata.org/entity/Q2989370,0,0,,12.392611111111,-16.384138888889
SEN,Senegal,Q2921608,http://www.wikidata.org/entity/Q2989370,0,46,,12.45625,-16.242611111111
SEN,Senegal,Q2922295,http://www.wikidata.org/entity/Q2864049,0,1010,,12.7194,-16.1611
SEN,Senegal,Q2925569,http://www.wikidata.org/entity/Q3053687,0,257,,12.537527777778,-16.355805555556
SEN,Senegal,Q2929816,http://www.wikidata.org/entity/Q15935879,0,583,,14.409836,-12.299963
SEN,Senegal,Q2934708,http://www.wikidata.org/entity/Q3718,0,71432,,14.766444444444,-17.430166666667
SEN,Senegal,Q2981190,http://www.wikidata.org/entity/Q2087361,0,27566,,15.113527777778,-16.631611111111
SEN,Senegal,Q3033011,http://www.wikidata.org/entity/Q3032918,0,3,,13.088592,-16.243907
SEN,Senegal,Q3033663,http://www.wikidata.org/entity/Q738061,0,8281,,15.51666667,-14.93333333
SEN,Senegal,Q3047598,http://www.wikidata.org/entity/Q2989370,0,82,,12.464777777778,-16.373555555556
SEN,Senegal,Q3053690,http://www.wikidata.org/entity/Q3053687,0,670,,12.51166667,-16.44888889
SEN,Senegal,Q3058767,http://www.wikidata.org/entity/Q3053687,0,315,,12.521111111111,-16.415666666667
SEN,Senegal,Q3059199,http://www.wikidata.org/entity/Q2989370,0,141,,12.434527777778,-16.400055555556
SEN,Senegal,Q3059204,http://www.wikidata.org/entity/Q3053687,0,111,,12.555194444444,-16.4745
SEN,Senegal,Q3059360,http://www.wikidata.org/entity/Q2989370,0,220,,12.477638888889,-16.366055555556
SEN,Senegal,Q3066423,http://www.wikidata.org/entity/Q3718,0,20115,,14.697555555556,-17.456694444444
SEN,Senegal,Q3339368,http://www.wikidata.org/entity/Q2864033,0,47964,,14.508833333333,-17.002694444444
SEN,Senegal,Q3346600,http://www.wikidata.org/entity/Q2989370,0,394,,12.475472222222,-16.370888888889
SEN,Senegal,Q3357914,http://www.wikidata.org/entity/Q3718,0,100541,,14.721527777778,-17.491777777778
SEN,Senegal,Q910973,http://www.wikidata.org/entity/Q2068102,0,100445,,14.655,-16.231388888889
SEN,Senegal,Q948468,http://www.wikidata.org/entity/Q2989374,0,793,,12.558972222222,-16.698722222222
SEN,Senegal,Q949353,http://www.wikidata.org/entity/Q3718,0,17706,,14.745638888889,-17.514361111111
SEN,Senegal,Q2407057,http://www.wikidata.org/entity/Q2989370,0,205,,12.470611111111,-16.404388888889
SEN,Senegal,Q2419563,http://www.wikidata.org/entity/Q1019424,0,84754,,14.717777777778,-17.261944444444
SEN,Senegal,Q2654892,http://www.wikidata.org/entity/Q2864033,0,41811,,14.442472222222,-17.016527777778
SEN,Senegal,Q2723940,http://www.wikidata.org/entity/Q3718,0,34951,,14.675,-17.436111111111
SEN,Senegal,Q2878457,http://www.wikidata.org/entity/Q2989370,0,253,,12.450583333333,-16.414361111111
SEN,Senegal,Q2878664,http://www.wikidata.org/entity/Q3053687,0,318,,12.517055555556,-16.390833333333
SEN,Senegal,Q2878828,http://www.wikidata.org/entity/Q2989370,0,0,,12.456388888889,-16.316583333333
SEN,Senegal,Q3016576,http://www.wikidata.org/entity/Q2989370,0,446,,12.499138888889,-16.343055555556
SEN,Senegal,Q3025943,http://www.wikidata.org/entity/Q2989370,0,263,,12.463611111111,-16.414666666667
SEN,Senegal,Q3026080,http://www.wikidata.org/entity/Q5270700,0,47759,,14.719861111111,-17.184166666667
SEN,Senegal,Q3027622,http://www.wikidata.org/entity/Q3718,0,38725,,14.727111111111,-17.456666666667
SEN,Senegal,Q3028699,http://www.wikidata.org/entity/Q2989370,0,314,,12.460277777778,-16.422
SEN,Senegal,Q3028823,http://www.wikidata.org/entity/Q2087854,0,5920,,13.05,-16.6
SEN,Senegal,Q3098136,http://www.wikidata.org/entity/Q3718,0,119351,,14.755833333333,-17.474527777778
SEN,Senegal,Q3110306,http://www.wikidata.org/entity/Q2066068,0,6373,,16.255833333333,-14.101666666667
SEN,Senegal,Q3113582,http://www.wikidata.org/entity/Q3718,0,47334,,14.708666666667,-17.4575
SEN,Senegal,Q3114638,http://www.wikidata.org/entity/Q3718,0,186775,,14.739083333333,-17.458111111111
SEN,Senegal,Q3119246,http://www.wikidata.org/entity/Q3718,0,59227,,14.694944444444,-17.451472222222
SEN,Senegal,Q3124897,http://www.wikidata.org/entity/Q3718,0,42975,,14.706777777778,-17.442111111111
SEN,Senegal,Q3126815,http://www.wikidata.org/entity/Q3718,0,86908,,14.724583333333,-17.430027777778
SEN,Senegal,Q3191791,http://www.wikidata.org/entity/Q2989370,0,54,,12.462472222222,-16.367305555556
SEN,Senegal,Q3191865,http://www.wikidata.org/entity/Q2989370,0,1324,,12.408638888889,-16.40275
SEN,Senegal,Q3191965,http://www.wikidata.org/entity/Q2989370,0,256,,12.466472222222,-16.379
SEN,Senegal,Q3192290,http://www.wikidata.org/entity/Q2989370,0,157,,12.457194444444,-16.429
SEN,Senegal,Q3192469,http://www.wikidata.org/entity/Q3053687,0,586,,12.503722222222,-16.433277777778
SEN,Senegal,Q3192625,http://www.wikidata.org/entity/Q856275,0,12975,,15.48333333,-13.16666667
SEN,Senegal,Q3192944,http://www.wikidata.org/entity/Q580461,0,26972,,13.608638888889,-16.425638888889
SEN,Senegal,Q3193766,http://www.wikidata.org/entity/Q2989370,0,102,,12.474722222222,-16.356138888889
SEN,Senegal,Q3195626,http://www.wikidata.org/entity/Q16541992,0,263,,14.79325,-17.115
SEN,Senegal,Q3233968,http://www.wikidata.org/entity/Q2084742,0,15482,,15.38333333,-15.21666667
SEN,Senegal,Q3400742,http://www.wikidata.org/entity/Q847682,0,29874,,14.772638888889,-17.061722222222
SEN,Senegal,Q3234447,http://www.wikidata.org/entity/Q3718,0,167671,,14.757527777778,-17.437833333333
SEN,Senegal,Q3282073,http://www.wikidata.org/entity/Q2864094,0,56707,,14.798944444444,-17.337027777778
SEN,Senegal,Q3303551,http://www.wikidata.org/entity/Q2863906,0,40811,,15.132666666667,-16.876777777778
SEN,Senegal,Q3306583,http://www.wikidata.org/entity/Q3718,0,38598,,14.70525,-17.462694444444
SEN,Senegal,Q3332660,http://www.wikidata.org/entity/Q3718,0,82544,,14.682388888889,-17.451166666667
SEN,Senegal,Q3333298,http://www.wikidata.org/entity/Q2087361,0,493,,15.1043794,-16.5491958
SEN,Senegal,Q3337485,http://www.wikidata.org/entity/Q2066068,0,14341,,16.513055555556,-14.646944444444
SEN,Senegal,Q3358451,http://www.wikidata.org/entity/Q2989374,0,481,,12.462222222222,-16.668055555556
SEN,Senegal,Q3368418,http://www.wikidata.org/entity/Q2863777,0,18322,,13.986888888889,-16.258166666667
SEN,Senegal,Q3370147,http://www.wikidata.org/entity/Q3718,0,46821,,14.748972222222,-17.443194444444
SEN,Senegal,Q3452794,http://www.wikidata.org/entity/Q1019424,0,84452,,14.725777777778,-17.282361111111
SEN,Senegal,Q3452793,http://www.wikidata.org/entity/Q1019424,0,126253,,14.722222222222,-17.263055555556
SEN,Senegal,Q3472184,http://www.wikidata.org/entity/Q2864015,0,110958,,14.776805555556,-17.225555555556
SEN,Senegal,Q3473501,http://www.wikidata.org/entity/Q942594,0,2726,,12.83333333,-11.75
SEN,Senegal,Q3483025,http://www.wikidata.org/entity/Q3718,0,47164,,14.729555555556,-17.467611111111
SEN,Senegal,Q3491465,http://www.wikidata.org/entity/Q2989372,0,369,,12.522861111111,-16.194972222222
SEN,Senegal,Q3491727,http://www.wikidata.org/entity/Q2068339,0,6159,,14.087722222222,-16.480055555556
SEN,Senegal,Q3510690,http://www.wikidata.org/entity/Q3053687,0,955,,12.528972222222,-16.463444444444
SEN,Senegal,Q3524783,http://www.wikidata.org/entity/Q600693,0,88859,,14.776027777778,-16.944194444444
SEN,Senegal,Q3570069,http://www.wikidata.org/entity/Q16542773,0,52849,,15.417658657476,-13.180586824612
SEN,Senegal,Q3572238,http://www.wikidata.org/entity/Q2864094,0,108069,,14.7692,-17.3619
SEN,Senegal,Q3572236,http://www.wikidata.org/entity/Q2864094,0,204375,,14.776277777778,-17.352527777778
SEN,Senegal,Q16304007,http://www.wikidata.org/entity/Q3053687,0,85,,12.522305555556,-16.392666666667
SEN,Senegal,Q16508885,http://www.wikidata.org/entity/Q3053687,0,225,,12.502472222222,-16.381361111111
SEN,Senegal,Q16645100,http://www.wikidata.org/entity/Q2067770,0,41570,,14.768833333333,-17.279277777778
SEN,Senegal,Q30744265,http://www.wikidata.org/entity/Q1557691,0,105461,,14.786916666667,-17.374972222222
SEN,Senegal,Q30744429,http://www.wikidata.org/entity/Q1557691,0,114069,,14.765388888889,-17.414305555556
SEN,Senegal,Q30744767,http://www.wikidata.org/entity/Q1557691,0,80566,,14.774527777778,-17.395916666667
SEN,Senegal,Q30744777,http://www.wikidata.org/entity/Q1557691,0,36588,,14.771333333333,-17.381388888889
SEN,Senegal,Q30744802,http://www.wikidata.org/entity/Q1557691,0,36024,,14.779111111111,-17.383472222222
SEN,Senegal,Q117830788,http://www.wikidata.org/entity/Q2068250,0,2497,,14.564,-16.382055555556
SEN,Senegal,Q117881328,http://www.wikidata.org/entity/Q16541780,0,5517,,13.85725,-16.724138888889
SEN,Senegal,Q119295486,http://www.wikidata.org/entity/Q3053687,0,118,,12.497083333333,-16.426166666667
SEN,Senegal,Q119440134,http://www.wikidata.org/entity/Q3053687,0,362,,12.524527777778,-16.359472222222
SEN,Senegal,Q119440132,http://www.wikidata.org/entity/Q3053687,0,200,,12.527694444444,-16.351694444444
SEN,Senegal,Q125698430,http://www.wikidata.org/entity/Q3195628,0,224765,,14.784416666667,-17.309472222222
SEN,Senegal,Q125731972,http://www.wikidata.org/entity/Q2864094,0,201653,,14.784416666667,-17.309472222222
SEN,Senegal,Q129871284,http://www.wikidata.org/entity/Q3195628,0,105362,,14.771583333333,-17.300833333333
SEN,Senegal,Q129909528,http://www.wikidata.org/entity/Q3195628,0,71036,,14.7695,-17.282416666667
SEN,Senegal,Q130354333,http://www.wikidata.org/entity/Q2864033,0,8762,,14.485388888889,-17.075277777778
SEN,Senegal,Q134427250,http://www.wikidata.org/entity/Q16542751,0,54,,13.650833333333,-16.488333333333
SEN,Senegal,Q3388355,http://www.wikidata.org/entity/Q1273644,0,49088,,14.760333333333,-17.39525
SEN,Senegal,Q3388356,http://www.wikidata.org/entity/Q1273644,0,32717,,14.757222222222,-17.389083333333
SEN,Senegal,Q3388357,http://www.wikidata.org/entity/Q1273644,0,57240,,14.753027777778,-17.399305555556
SEN,Senegal,Q3442852,http://www.wikidata.org/entity/Q3044632,0,15870,,16.5,-15.8167
SEN,Senegal,Q3523980,http://www.wikidata.org/entity/Q1273644,0,25037,,14.7625,-17.3743
SEN,Senegal,Q3529952,http://www.wikidata.org/entity/Q1273644,0,40892,,14.746833333333,-17.362333333333
SEN,Senegal,Q2408616,http://www.wikidata.org/entity/Q1273644,0,61079,,14.744444,-17.375
SEN,Senegal,Q3012393,http://www.wikidata.org/entity/Q1273644,0,39096,,14.741027777778,-17.41825
SEN,Senegal,Q3026043,http://www.wikidata.org/entity/Q1273644,0,139376,,14.748388888889,-17.352333333333
SEN,Senegal,Q3032940,http://www.wikidata.org/entity/Q1273644,0,100128,,14.77025,-17.379222222222
SEN,Senegal,Q3120606,http://www.wikidata.org/entity/Q1273644,0,39859,,14.744388888889,-17.385083333333
SEN,Senegal,Q3120605,http://www.wikidata.org/entity/Q1273644,0,30303,,14.755111111111,-17.379888888889
SEN,Senegal,Q3194399,http://www.wikidata.org/entity/Q2863832,0,33273,,14.908861111111,-17.124138888889
SEN,Senegal,Q3303488,http://www.wikidata.org/entity/Q1273644,0,149456,,14.73083333,-17.32444444
